match_id,season,start_date,venue,innings,ball,batting_team,bowling_team,striker,non_striker,bowler,runs_off_bat,extras,wides,noballs,byes,legbyes,penalty,wicket_type,player_dismissed,other_wicket_type,other_player_dismissed
412687,2010,2010-05-05,"Kensington Oval, Bridgetown",1,0.1,South Africa,Afghanistan,GC Smith,LE Bosman,Shapoor Zadran,0,0,,,,,,,,,
412687,2010,2010-05-05,"Kensington Oval, Bridgetown",1,0.2,South Africa,Afghanistan,GC Smith,LE Bosman,Shapoor Zadran,4,0,,,,,,,,,
412687,2010,2010-05-05,"Kensington Oval, Bridgetown",1,0.3,South Africa,Afghanistan,GC Smith,LE Bosman,Shapoor Zadran,4,0,,,,,,,,,
412687,2010,2010-05-05,"Kensington Oval, Bridgetown",1,0.4,South Africa,Afghanistan,GC Smith,LE Bosman,Shapoor Zadran,0,0,,,,,,,,,
412687,2010,2010-05-05,"Kensington Oval, Bridgetown",1,0.5,South Africa,Afghanistan,GC Smith,LE Bosman,Shapoor Zadran,0,0,,,,,,,,,
412687,2010,2010-05-05,"Kensington Oval, Bridgetown",1,0.6,South Africa,Afghanistan,GC Smith,LE Bosman,Shapoor Zadran,4,0,,,,,,,,,
412687,2010,2010-05-05,"Kensington Oval, Bridgetown",1,1.1,South Africa,Afghanistan,LE Bosman,GC Smith,Mirwais Ashraf,0,1,,,,1,,run out,LE Bosman,,
412687,2010,2010-05-05,"Kensington Oval, Bridgetown",1,1.2,South Africa,Afghanistan,JH Kallis,GC Smith,Mirwais Ashraf,0,0,,,,,,,,,
412687,2010,2010-05-05,"Kensington Oval, Bridgetown",1,1.3,South Africa,Afghanistan,JH Kallis,GC Smith,Mirwais Ashraf,1,0,,,,,,,,,
412687,2010,2010-05-05,"Kensington Oval, Bridgetown",1,1.4,South Africa,Afghanistan,GC Smith,JH Kallis,Mirwais Ashraf,1,0,,,,,,,,,
412687,2010,2010-05-05,"Kensington Oval, Bridgetown",1,1.5,South Africa,Afghanistan,JH Kallis,GC Smith,Mirwais Ashraf,0,0,,,,,,,,,
412687,2010,2010-05-05,"Kensington Oval, Bridgetown",1,1.6,South Africa,Afghanistan,JH Kallis,GC Smith,Mirwais Ashraf,2,0,,,,,,,,,
412687,2010,2010-05-05,"Kensington Oval, Bridgetown",1,2.1,South Africa,Afghanistan,GC Smith,JH Kallis,Shapoor Zadran,1,0,,,,,,,,,
412687,2010,2010-05-05,"Kensington Oval, Bridgetown",1,2.2,South Africa,Afghanistan,JH Kallis,GC Smith,Shapoor Zadran,0,0,,,,,,,,,
412687,2010,2010-05-05,"Kensington Oval, Bridgetown",1,2.3,South Africa,Afghanistan,JH Kallis,GC Smith,Shapoor Zadran,1,0,,,,,,,,,
412687,2010,2010-05-05,"Kensington Oval, Bridgetown",1,2.4,South Africa,Afghanistan,GC Smith,JH Kallis,Shapoor Zadran,4,0,,,,,,,,,
412687,2010,2010-05-05,"Kensington Oval, Bridgetown",1,2.5,South Africa,Afghanistan,GC Smith,JH Kallis,Shapoor Zadran,2,0,,,,,,,,,
412687,2010,2010-05-05,"Kensington Oval, Bridgetown",1,2.6,South Africa,Afghanistan,GC Smith,JH Kallis,Shapoor Zadran,6,0,,,,,,,,,
412687,2010,2010-05-05,"Kensington Oval, Bridgetown",1,3.1,South Africa,Afghanistan,JH Kallis,GC Smith,Mirwais Ashraf,0,0,,,,,,,,,
412687,2010,2010-05-05,"Kensington Oval, Bridgetown",1,3.2,South Africa,Afghanistan,JH Kallis,GC Smith,Mirwais Ashraf,1,0,,,,,,,,,
412687,2010,2010-05-05,"Kensington Oval, Bridgetown",1,3.3,South Africa,Afghanistan,GC Smith,JH Kallis,Mirwais Ashraf,1,0,,,,,,,,,
412687,2010,2010-05-05,"Kensington Oval, Bridgetown",1,3.4,South Africa,Afghanistan,JH Kallis,GC Smith,Mirwais Ashraf,6,0,,,,,,,,,
412687,2010,2010-05-05,"Kensington Oval, Bridgetown",1,3.5,South Africa,Afghanistan,JH Kallis,GC Smith,Mirwais Ashraf,0,0,,,,,,,,,
412687,2010,2010-05-05,"Kensington Oval, Bridgetown",1,3.6,South Africa,Afghanistan,JH Kallis,GC Smith,Mirwais Ashraf,6,0,,,,,,,,,
412687,2010,2010-05-05,"Kensington Oval, Bridgetown",1,4.1,South Africa,Afghanistan,GC Smith,JH Kallis,Mohammad Nabi,0,0,,,,,,,,,
412687,2010,2010-05-05,"Kensington Oval, Bridgetown",1,4.2,South Africa,Afghanistan,GC Smith,JH Kallis,Mohammad Nabi,0,0,,,,,,caught,GC Smith,,
412687,2010,2010-05-05,"Kensington Oval, Bridgetown",1,4.3,South Africa,Afghanistan,JH Kallis,AB de Villiers,Mohammad Nabi,0,0,,,,,,,,,
412687,2010,2010-05-05,"Kensington Oval, Bridgetown",1,4.4,South Africa,Afghanistan,JH Kallis,AB de Villiers,Mohammad Nabi,1,0,,,,,,,,,
412687,2010,2010-05-05,"Kensington Oval, Bridgetown",1,4.5,South Africa,Afghanistan,AB de Villiers,JH Kallis,Mohammad Nabi,0,0,,,,,,,,,
412687,2010,2010-05-05,"Kensington Oval, Bridgetown",1,4.6,South Africa,Afghanistan,AB de Villiers,JH Kallis,Mohammad Nabi,1,0,,,,,,,,,
412687,2010,2010-05-05,"Kensington Oval, Bridgetown",1,5.1,South Africa,Afghanistan,AB de Villiers,JH Kallis,Samiullah Shenwari,1,0,,,,,,,,,
412687,2010,2010-05-05,"Kensington Oval, Bridgetown",1,5.2,South Africa,Afghanistan,JH Kallis,AB de Villiers,Samiullah Shenwari,1,0,,,,,,,,,
412687,2010,2010-05-05,"Kensington Oval, Bridgetown",1,5.3,South Africa,Afghanistan,AB de Villiers,JH Kallis,Samiullah Shenwari,0,0,,,,,,,,,
412687,2010,2010-05-05,"Kensington Oval, Bridgetown",1,5.4,South Africa,Afghanistan,AB de Villiers,JH Kallis,Samiullah Shenwari,0,0,,,,,,,,,
412687,2010,2010-05-05,"Kensington Oval, Bridgetown",1,5.5,South Africa,Afghanistan,AB de Villiers,JH Kallis,Samiullah Shenwari,0,0,,,,,,,,,
412687,2010,2010-05-05,"Kensington Oval, Bridgetown",1,5.6,South Africa,Afghanistan,AB de Villiers,JH Kallis,Samiullah Shenwari,0,0,,,,,,,,,
412687,2010,2010-05-05,"Kensington Oval, Bridgetown",1,6.1,South Africa,Afghanistan,JH Kallis,AB de Villiers,Mohammad Nabi,1,0,,,,,,,,,
412687,2010,2010-05-05,"Kensington Oval, Bridgetown",1,6.2,South Africa,Afghanistan,AB de Villiers,JH Kallis,Mohammad Nabi,1,0,,,,,,,,,
412687,2010,2010-05-05,"Kensington Oval, Bridgetown",1,6.3,South Africa,Afghanistan,JH Kallis,AB de Villiers,Mohammad Nabi,0,0,,,,,,,,,
412687,2010,2010-05-05,"Kensington Oval, Bridgetown",1,6.4,South Africa,Afghanistan,JH Kallis,AB de Villiers,Mohammad Nabi,2,0,,,,,,,,,
412687,2010,2010-05-05,"Kensington Oval, Bridgetown",1,6.5,South Africa,Afghanistan,JH Kallis,AB de Villiers,Mohammad Nabi,1,0,,,,,,,,,
412687,2010,2010-05-05,"Kensington Oval, Bridgetown",1,6.6,South Africa,Afghanistan,AB de Villiers,JH Kallis,Mohammad Nabi,0,0,,,,,,,,,
412687,2010,2010-05-05,"Kensington Oval, Bridgetown",1,7.1,South Africa,Afghanistan,JH Kallis,AB de Villiers,Samiullah Shenwari,2,0,,,,,,,,,
412687,2010,2010-05-05,"Kensington Oval, Bridgetown",1,7.2,South Africa,Afghanistan,JH Kallis,AB de Villiers,Samiullah Shenwari,0,0,,,,,,,,,
412687,2010,2010-05-05,"Kensington Oval, Bridgetown",1,7.3,South Africa,Afghanistan,JH Kallis,AB de Villiers,Samiullah Shenwari,1,0,,,,,,,,,
412687,2010,2010-05-05,"Kensington Oval, Bridgetown",1,7.4,South Africa,Afghanistan,AB de Villiers,JH Kallis,Samiullah Shenwari,0,0,,,,,,,,,
412687,2010,2010-05-05,"Kensington Oval, Bridgetown",1,7.5,South Africa,Afghanistan,AB de Villiers,JH Kallis,Samiullah Shenwari,1,0,,,,,,,,,
412687,2010,2010-05-05,"Kensington Oval, Bridgetown",1,7.6,South Africa,Afghanistan,JH Kallis,AB de Villiers,Samiullah Shenwari,1,0,,,,,,,,,
412687,2010,2010-05-05,"Kensington Oval, Bridgetown",1,8.1,South Africa,Afghanistan,JH Kallis,AB de Villiers,Nawroz Mangal,0,2,2,,,,,,,,
412687,2010,2010-05-05,"Kensington Oval, Bridgetown",1,8.2,South Africa,Afghanistan,AB de Villiers,JH Kallis,Nawroz Mangal,1,0,,,,,,,,,
412687,2010,2010-05-05,"Kensington Oval, Bridgetown",1,8.3,South Africa,Afghanistan,JH Kallis,AB de Villiers,Nawroz Mangal,0,0,,,,,,,,,
412687,2010,2010-05-05,"Kensington Oval, Bridgetown",1,8.4,South Africa,Afghanistan,JH Kallis,AB de Villiers,Nawroz Mangal,0,1,,,,1,,,,,
412687,2010,2010-05-05,"Kensington Oval, Bridgetown",1,8.5,South Africa,Afghanistan,AB de Villiers,JH Kallis,Nawroz Mangal,6,0,,,,,,,,,
412687,2010,2010-05-05,"Kensington Oval, Bridgetown",1,8.6,South Africa,Afghanistan,AB de Villiers,JH Kallis,Nawroz Mangal,1,0,,,,,,,,,
412687,2010,2010-05-05,"Kensington Oval, Bridgetown",1,8.7,South Africa,Afghanistan,JH Kallis,AB de Villiers,Nawroz Mangal,1,0,,,,,,,,,
412687,2010,2010-05-05,"Kensington Oval, Bridgetown",1,9.1,South Africa,Afghanistan,JH Kallis,AB de Villiers,Samiullah Shenwari,0,0,,,,,,,,,
412687,2010,2010-05-05,"Kensington Oval, Bridgetown",1,9.2,South Africa,Afghanistan,JH Kallis,AB de Villiers,Samiullah Shenwari,1,0,,,,,,,,,
412687,2010,2010-05-05,"Kensington Oval, Bridgetown",1,9.3,South Africa,Afghanistan,AB de Villiers,JH Kallis,Samiullah Shenwari,0,0,,,,,,,,,
412687,2010,2010-05-05,"Kensington Oval, Bridgetown",1,9.4,South Africa,Afghanistan,AB de Villiers,JH Kallis,Samiullah Shenwari,0,0,,,,,,,,,
412687,2010,2010-05-05,"Kensington Oval, Bridgetown",1,9.5,South Africa,Afghanistan,AB de Villiers,JH Kallis,Samiullah Shenwari,0,0,,,,,,,,,
412687,2010,2010-05-05,"Kensington Oval, Bridgetown",1,9.6,South Africa,Afghanistan,AB de Villiers,JH Kallis,Samiullah Shenwari,1,0,,,,,,,,,
412687,2010,2010-05-05,"Kensington Oval, Bridgetown",1,10.1,South Africa,Afghanistan,AB de Villiers,JH Kallis,Nawroz Mangal,0,0,,,,,,,,,
412687,2010,2010-05-05,"Kensington Oval, Bridgetown",1,10.2,South Africa,Afghanistan,AB de Villiers,JH Kallis,Nawroz Mangal,4,0,,,,,,,,,
412687,2010,2010-05-05,"Kensington Oval, Bridgetown",1,10.3,South Africa,Afghanistan,AB de Villiers,JH Kallis,Nawroz Mangal,0,0,,,,,,stumped,AB de Villiers,,
412687,2010,2010-05-05,"Kensington Oval, Bridgetown",1,10.4,South Africa,Afghanistan,JP Duminy,JH Kallis,Nawroz Mangal,0,0,,,,,,,,,
412687,2010,2010-05-05,"Kensington Oval, Bridgetown",1,10.5,South Africa,Afghanistan,JP Duminy,JH Kallis,Nawroz Mangal,1,0,,,,,,,,,
412687,2010,2010-05-05,"Kensington Oval, Bridgetown",1,10.6,South Africa,Afghanistan,JH Kallis,JP Duminy,Nawroz Mangal,1,0,,,,,,,,,
412687,2010,2010-05-05,"Kensington Oval, Bridgetown",1,11.1,South Africa,Afghanistan,JH Kallis,JP Duminy,Samiullah Shenwari,1,0,,,,,,,,,
412687,2010,2010-05-05,"Kensington Oval, Bridgetown",1,11.2,South Africa,Afghanistan,JP Duminy,JH Kallis,Samiullah Shenwari,0,0,,,,,,,,,
412687,2010,2010-05-05,"Kensington Oval, Bridgetown",1,11.3,South Africa,Afghanistan,JP Duminy,JH Kallis,Samiullah Shenwari,1,0,,,,,,,,,
412687,2010,2010-05-05,"Kensington Oval, Bridgetown",1,11.4,South Africa,Afghanistan,JH Kallis,JP Duminy,Samiullah Shenwari,0,0,,,,,,,,,
412687,2010,2010-05-05,"Kensington Oval, Bridgetown",1,11.5,South Africa,Afghanistan,JH Kallis,JP Duminy,Samiullah Shenwari,2,0,,,,,,,,,
412687,2010,2010-05-05,"Kensington Oval, Bridgetown",1,11.6,South Africa,Afghanistan,JH Kallis,JP Duminy,Samiullah Shenwari,1,0,,,,,,,,,
412687,2010,2010-05-05,"Kensington Oval, Bridgetown",1,12.1,South Africa,Afghanistan,JH Kallis,JP Duminy,Hamid Hassan,0,0,,,,,,caught,JH Kallis,,
412687,2010,2010-05-05,"Kensington Oval, Bridgetown",1,12.2,South Africa,Afghanistan,MV Boucher,JP Duminy,Hamid Hassan,1,0,,,,,,,,,
412687,2010,2010-05-05,"Kensington Oval, Bridgetown",1,12.3,South Africa,Afghanistan,JP Duminy,MV Boucher,Hamid Hassan,0,0,,,,,,,,,
412687,2010,2010-05-05,"Kensington Oval, Bridgetown",1,12.4,South Africa,Afghanistan,JP Duminy,MV Boucher,Hamid Hassan,1,0,,,,,,,,,
412687,2010,2010-05-05,"Kensington Oval, Bridgetown",1,12.5,South Africa,Afghanistan,MV Boucher,JP Duminy,Hamid Hassan,1,0,,,,,,,,,
412687,2010,2010-05-05,"Kensington Oval, Bridgetown",1,12.6,South Africa,Afghanistan,JP Duminy,MV Boucher,Hamid Hassan,0,0,,,,,,,,,
412687,2010,2010-05-05,"Kensington Oval, Bridgetown",1,13.1,South Africa,Afghanistan,MV Boucher,JP Duminy,Nawroz Mangal,0,0,,,,,,,,,
412687,2010,2010-05-05,"Kensington Oval, Bridgetown",1,13.2,South Africa,Afghanistan,MV Boucher,JP Duminy,Nawroz Mangal,1,0,,,,,,,,,
412687,2010,2010-05-05,"Kensington Oval, Bridgetown",1,13.3,South Africa,Afghanistan,JP Duminy,MV Boucher,Nawroz Mangal,0,0,,,,,,,,,
412687,2010,2010-05-05,"Kensington Oval, Bridgetown",1,13.4,South Africa,Afghanistan,JP Duminy,MV Boucher,Nawroz Mangal,0,0,,,,,,,,,
412687,2010,2010-05-05,"Kensington Oval, Bridgetown",1,13.5,South Africa,Afghanistan,JP Duminy,MV Boucher,Nawroz Mangal,1,0,,,,,,,,,
412687,2010,2010-05-05,"Kensington Oval, Bridgetown",1,13.6,South Africa,Afghanistan,MV Boucher,JP Duminy,Nawroz Mangal,1,0,,,,,,,,,
412687,2010,2010-05-05,"Kensington Oval, Bridgetown",1,14.1,South Africa,Afghanistan,MV Boucher,JP Duminy,Hamid Hassan,0,0,,,,,,lbw,MV Boucher,,
412687,2010,2010-05-05,"Kensington Oval, Bridgetown",1,14.2,South Africa,Afghanistan,JA Morkel,JP Duminy,Hamid Hassan,0,0,,,,,,,,,
412687,2010,2010-05-05,"Kensington Oval, Bridgetown",1,14.3,South Africa,Afghanistan,JA Morkel,JP Duminy,Hamid Hassan,1,0,,,,,,,,,
412687,2010,2010-05-05,"Kensington Oval, Bridgetown",1,14.4,South Africa,Afghanistan,JP Duminy,JA Morkel,Hamid Hassan,3,0,,,,,,,,,
412687,2010,2010-05-05,"Kensington Oval, Bridgetown",1,14.5,South Africa,Afghanistan,JA Morkel,JP Duminy,Hamid Hassan,1,0,,,,,,,,,
412687,2010,2010-05-05,"Kensington Oval, Bridgetown",1,14.6,South Africa,Afghanistan,JP Duminy,JA Morkel,Hamid Hassan,1,0,,,,,,,,,
412687,2010,2010-05-05,"Kensington Oval, Bridgetown",1,15.1,South Africa,Afghanistan,JP Duminy,JA Morkel,Mohammad Nabi,1,0,,,,,,,,,
412687,2010,2010-05-05,"Kensington Oval, Bridgetown",1,15.2,South Africa,Afghanistan,JA Morkel,JP Duminy,Mohammad Nabi,1,0,,,,,,,,,
412687,2010,2010-05-05,"Kensington Oval, Bridgetown",1,15.3,South Africa,Afghanistan,JP Duminy,JA Morkel,Mohammad Nabi,1,0,,,,,,,,,
412687,2010,2010-05-05,"Kensington Oval, Bridgetown",1,15.4,South Africa,Afghanistan,JA Morkel,JP Duminy,Mohammad Nabi,0,0,,,,,,,,,
412687,2010,2010-05-05,"Kensington Oval, Bridgetown",1,15.5,South Africa,Afghanistan,JA Morkel,JP Duminy,Mohammad Nabi,6,0,,,,,,,,,
412687,2010,2010-05-05,"Kensington Oval, Bridgetown",1,15.6,South Africa,Afghanistan,JA Morkel,JP Duminy,Mohammad Nabi,1,0,,,,,,,,,
412687,2010,2010-05-05,"Kensington Oval, Bridgetown",1,16.1,South Africa,Afghanistan,JA Morkel,JP Duminy,Hamid Hassan,0,0,,,,,,,,,
412687,2010,2010-05-05,"Kensington Oval, Bridgetown",1,16.2,South Africa,Afghanistan,JA Morkel,JP Duminy,Hamid Hassan,4,0,,,,,,,,,
412687,2010,2010-05-05,"Kensington Oval, Bridgetown",1,16.3,South Africa,Afghanistan,JA Morkel,JP Duminy,Hamid Hassan,1,0,,,,,,,,,
412687,2010,2010-05-05,"Kensington Oval, Bridgetown",1,16.4,South Africa,Afghanistan,JP Duminy,JA Morkel,Hamid Hassan,0,0,,,,,,,,,
412687,2010,2010-05-05,"Kensington Oval, Bridgetown",1,16.5,South Africa,Afghanistan,JP Duminy,JA Morkel,Hamid Hassan,1,0,,,,,,,,,
412687,2010,2010-05-05,"Kensington Oval, Bridgetown",1,16.6,South Africa,Afghanistan,JA Morkel,JP Duminy,Hamid Hassan,4,0,,,,,,,,,
412687,2010,2010-05-05,"Kensington Oval, Bridgetown",1,17.1,South Africa,Afghanistan,JP Duminy,JA Morkel,Mohammad Nabi,6,0,,,,,,,,,
412687,2010,2010-05-05,"Kensington Oval, Bridgetown",1,17.2,South Africa,Afghanistan,JP Duminy,JA Morkel,Mohammad Nabi,1,0,,,,,,,,,
412687,2010,2010-05-05,"Kensington Oval, Bridgetown",1,17.3,South Africa,Afghanistan,JA Morkel,JP Duminy,Mohammad Nabi,1,0,,,,,,,,,
412687,2010,2010-05-05,"Kensington Oval, Bridgetown",1,17.4,South Africa,Afghanistan,JP Duminy,JA Morkel,Mohammad Nabi,1,0,,,,,,,,,
412687,2010,2010-05-05,"Kensington Oval, Bridgetown",1,17.5,South Africa,Afghanistan,JA Morkel,JP Duminy,Mohammad Nabi,1,0,,,,,,,,,
412687,2010,2010-05-05,"Kensington Oval, Bridgetown",1,17.6,South Africa,Afghanistan,JP Duminy,JA Morkel,Mohammad Nabi,6,0,,,,,,,,,
412687,2010,2010-05-05,"Kensington Oval, Bridgetown",1,18.1,South Africa,Afghanistan,JA Morkel,JP Duminy,Hamid Hassan,1,0,,,,,,,,,
412687,2010,2010-05-05,"Kensington Oval, Bridgetown",1,18.2,South Africa,Afghanistan,JP Duminy,JA Morkel,Hamid Hassan,0,0,,,,,,caught,JP Duminy,,
412687,2010,2010-05-05,"Kensington Oval, Bridgetown",1,18.3,South Africa,Afghanistan,RE van der Merwe,JA Morkel,Hamid Hassan,0,0,,,,,,,,,
412687,2010,2010-05-05,"Kensington Oval, Bridgetown",1,18.4,South Africa,Afghanistan,RE van der Merwe,JA Morkel,Hamid Hassan,0,0,,,,,,,,,
412687,2010,2010-05-05,"Kensington Oval, Bridgetown",1,18.5,South Africa,Afghanistan,RE van der Merwe,JA Morkel,Hamid Hassan,0,1,,,,1,,,,,
412687,2010,2010-05-05,"Kensington Oval, Bridgetown",1,18.6,South Africa,Afghanistan,JA Morkel,RE van der Merwe,Hamid Hassan,1,0,,,,,,,,,
412687,2010,2010-05-05,"Kensington Oval, Bridgetown",1,19.1,South Africa,Afghanistan,JA Morkel,RE van der Merwe,Shapoor Zadran,0,1,,,,1,,,,,
412687,2010,2010-05-05,"Kensington Oval, Bridgetown",1,19.2,South Africa,Afghanistan,RE van der Merwe,JA Morkel,Shapoor Zadran,0,0,,,,,,,,,
412687,2010,2010-05-05,"Kensington Oval, Bridgetown",1,19.3,South Africa,Afghanistan,RE van der Merwe,JA Morkel,Shapoor Zadran,1,0,,,,,,,,,
412687,2010,2010-05-05,"Kensington Oval, Bridgetown",1,19.4,South Africa,Afghanistan,JA Morkel,RE van der Merwe,Shapoor Zadran,0,0,,,,,,caught,JA Morkel,,
412687,2010,2010-05-05,"Kensington Oval, Bridgetown",1,19.5,South Africa,Afghanistan,DW Steyn,RE van der Merwe,Shapoor Zadran,1,0,,,,,,,,,
412687,2010,2010-05-05,"Kensington Oval, Bridgetown",1,19.6,South Africa,Afghanistan,RE van der Merwe,DW Steyn,Shapoor Zadran,1,0,,,,,,,,,
412687,2010,2010-05-05,"Kensington Oval, Bridgetown",2,0.1,Afghanistan,South Africa,Noor Ali Zadran,Karim Sadiq,DW Steyn,0,0,,,,,,,,,
412687,2010,2010-05-05,"Kensington Oval, Bridgetown",2,0.2,Afghanistan,South Africa,Noor Ali Zadran,Karim Sadiq,DW Steyn,0,0,,,,,,,,,
412687,2010,2010-05-05,"Kensington Oval, Bridgetown",2,0.3,Afghanistan,South Africa,Noor Ali Zadran,Karim Sadiq,DW Steyn,0,1,1,,,,,,,,
412687,2010,2010-05-05,"Kensington Oval, Bridgetown",2,0.4,Afghanistan,South Africa,Noor Ali Zadran,Karim Sadiq,DW Steyn,0,0,,,,,,caught,Noor Ali Zadran,,
412687,2010,2010-05-05,"Kensington Oval, Bridgetown",2,0.5,Afghanistan,South Africa,Mohammad Shahzad,Karim Sadiq,DW Steyn,2,0,,,,,,,,,
412687,2010,2010-05-05,"Kensington Oval, Bridgetown",2,0.6,Afghanistan,South Africa,Mohammad Shahzad,Karim Sadiq,DW Steyn,0,0,,,,,,,,,
412687,2010,2010-05-05,"Kensington Oval, Bridgetown",2,0.7,Afghanistan,South Africa,Mohammad Shahzad,Karim Sadiq,DW Steyn,0,0,,,,,,,,,
412687,2010,2010-05-05,"Kensington Oval, Bridgetown",2,1.1,Afghanistan,South Africa,Karim Sadiq,Mohammad Shahzad,CK Langeveldt,0,0,,,,,,,,,
412687,2010,2010-05-05,"Kensington Oval, Bridgetown",2,1.2,Afghanistan,South Africa,Karim Sadiq,Mohammad Shahzad,CK Langeveldt,0,0,,,,,,,,,
412687,2010,2010-05-05,"Kensington Oval, Bridgetown",2,1.3,Afghanistan,South Africa,Karim Sadiq,Mohammad Shahzad,CK Langeveldt,2,0,,,,,,,,,
412687,2010,2010-05-05,"Kensington Oval, Bridgetown",2,1.4,Afghanistan,South Africa,Karim Sadiq,Mohammad Shahzad,CK Langeveldt,0,0,,,,,,,,,
412687,2010,2010-05-05,"Kensington Oval, Bridgetown",2,1.5,Afghanistan,South Africa,Karim Sadiq,Mohammad Shahzad,CK Langeveldt,0,0,,,,,,,,,
412687,2010,2010-05-05,"Kensington Oval, Bridgetown",2,1.6,Afghanistan,South Africa,Karim Sadiq,Mohammad Shahzad,CK Langeveldt,0,0,,,,,,,,,
412687,2010,2010-05-05,"Kensington Oval, Bridgetown",2,2.1,Afghanistan,South Africa,Mohammad Shahzad,Karim Sadiq,DW Steyn,0,0,,,,,,,,,
412687,2010,2010-05-05,"Kensington Oval, Bridgetown",2,2.2,Afghanistan,South Africa,Mohammad Shahzad,Karim Sadiq,DW Steyn,0,0,,,,,,,,,
412687,2010,2010-05-05,"Kensington Oval, Bridgetown",2,2.3,Afghanistan,South Africa,Mohammad Shahzad,Karim Sadiq,DW Steyn,0,0,,,,,,caught,Mohammad Shahzad,,
412687,2010,2010-05-05,"Kensington Oval, Bridgetown",2,2.4,Afghanistan,South Africa,Nawroz Mangal,Karim Sadiq,DW Steyn,0,1,1,,,,,,,,
412687,2010,2010-05-05,"Kensington Oval, Bridgetown",2,2.5,Afghanistan,South Africa,Nawroz Mangal,Karim Sadiq,DW Steyn,0,0,,,,,,,,,
412687,2010,2010-05-05,"Kensington Oval, Bridgetown",2,2.6,Afghanistan,South Africa,Nawroz Mangal,Karim Sadiq,DW Steyn,0,0,,,,,,,,,
412687,2010,2010-05-05,"Kensington Oval, Bridgetown",2,2.7,Afghanistan,South Africa,Nawroz Mangal,Karim Sadiq,DW Steyn,1,0,,,,,,,,,
412687,2010,2010-05-05,"Kensington Oval, Bridgetown",2,3.1,Afghanistan,South Africa,Nawroz Mangal,Karim Sadiq,M Morkel,0,0,,,,,,caught,Nawroz Mangal,,
412687,2010,2010-05-05,"Kensington Oval, Bridgetown",2,3.2,Afghanistan,South Africa,Asghar Stanikzai,Karim Sadiq,M Morkel,1,0,,,,,,,,,
412687,2010,2010-05-05,"Kensington Oval, Bridgetown",2,3.3,Afghanistan,South Africa,Karim Sadiq,Asghar Stanikzai,M Morkel,0,0,,,,,,,,,
412687,2010,2010-05-05,"Kensington Oval, Bridgetown",2,3.4,Afghanistan,South Africa,Karim Sadiq,Asghar Stanikzai,M Morkel,0,0,,,,,,caught,Karim Sadiq,,
412687,2010,2010-05-05,"Kensington Oval, Bridgetown",2,3.5,Afghanistan,South Africa,Raees Ahmadzai,Asghar Stanikzai,M Morkel,4,0,,,,,,,,,
412687,2010,2010-05-05,"Kensington Oval, Bridgetown",2,3.6,Afghanistan,South Africa,Raees Ahmadzai,Asghar Stanikzai,M Morkel,0,0,,,,,,caught,Raees Ahmadzai,,
412687,2010,2010-05-05,"Kensington Oval, Bridgetown",2,4.1,Afghanistan,South Africa,Mohammad Nabi,Asghar Stanikzai,DW Steyn,0,0,,,,,,,,,
412687,2010,2010-05-05,"Kensington Oval, Bridgetown",2,4.2,Afghanistan,South Africa,Mohammad Nabi,Asghar Stanikzai,DW Steyn,0,0,,,,,,,,,
412687,2010,2010-05-05,"Kensington Oval, Bridgetown",2,4.3,Afghanistan,South Africa,Mohammad Nabi,Asghar Stanikzai,DW Steyn,0,1,1,,,,,,,,
412687,2010,2010-05-05,"Kensington Oval, Bridgetown",2,4.4,Afghanistan,South Africa,Mohammad Nabi,Asghar Stanikzai,DW Steyn,0,0,,,,,,,,,
412687,2010,2010-05-05,"Kensington Oval, Bridgetown",2,4.5,Afghanistan,South Africa,Mohammad Nabi,Asghar Stanikzai,DW Steyn,0,1,,,,1,,,,,
412687,2010,2010-05-05,"Kensington Oval, Bridgetown",2,4.6,Afghanistan,South Africa,Asghar Stanikzai,Mohammad Nabi,DW Steyn,0,0,,,,,,,,,
412687,2010,2010-05-05,"Kensington Oval, Bridgetown",2,4.7,Afghanistan,South Africa,Asghar Stanikzai,Mohammad Nabi,DW Steyn,0,0,,,,,,,,,
412687,2010,2010-05-05,"Kensington Oval, Bridgetown",2,5.1,Afghanistan,South Africa,Mohammad Nabi,Asghar Stanikzai,M Morkel,0,0,,,,,,caught,Mohammad Nabi,,
412687,2010,2010-05-05,"Kensington Oval, Bridgetown",2,5.2,Afghanistan,South Africa,Samiullah Shenwari,Asghar Stanikzai,M Morkel,1,0,,,,,,,,,
412687,2010,2010-05-05,"Kensington Oval, Bridgetown",2,5.3,Afghanistan,South Africa,Asghar Stanikzai,Samiullah Shenwari,M Morkel,1,0,,,,,,,,,
412687,2010,2010-05-05,"Kensington Oval, Bridgetown",2,5.4,Afghanistan,South Africa,Samiullah Shenwari,Asghar Stanikzai,M Morkel,0,0,,,,,,,,,
412687,2010,2010-05-05,"Kensington Oval, Bridgetown",2,5.5,Afghanistan,South Africa,Samiullah Shenwari,Asghar Stanikzai,M Morkel,0,1,,1,,,,,,,
412687,2010,2010-05-05,"Kensington Oval, Bridgetown",2,5.6,Afghanistan,South Africa,Samiullah Shenwari,Asghar Stanikzai,M Morkel,6,0,,,,,,,,,
412687,2010,2010-05-05,"Kensington Oval, Bridgetown",2,5.7,Afghanistan,South Africa,Samiullah Shenwari,Asghar Stanikzai,M Morkel,0,0,,,,,,,,,
412687,2010,2010-05-05,"Kensington Oval, Bridgetown",2,6.1,Afghanistan,South Africa,Asghar Stanikzai,Samiullah Shenwari,CK Langeveldt,1,0,,,,,,,,,
412687,2010,2010-05-05,"Kensington Oval, Bridgetown",2,6.2,Afghanistan,South Africa,Samiullah Shenwari,Asghar Stanikzai,CK Langeveldt,0,0,,,,,,,,,
412687,2010,2010-05-05,"Kensington Oval, Bridgetown",2,6.3,Afghanistan,South Africa,Samiullah Shenwari,Asghar Stanikzai,CK Langeveldt,0,0,,,,,,,,,
412687,2010,2010-05-05,"Kensington Oval, Bridgetown",2,6.4,Afghanistan,South Africa,Samiullah Shenwari,Asghar Stanikzai,CK Langeveldt,1,0,,,,,,,,,
412687,2010,2010-05-05,"Kensington Oval, Bridgetown",2,6.5,Afghanistan,South Africa,Asghar Stanikzai,Samiullah Shenwari,CK Langeveldt,0,0,,,,,,caught,Asghar Stanikzai,,
412687,2010,2010-05-05,"Kensington Oval, Bridgetown",2,6.6,Afghanistan,South Africa,Mirwais Ashraf,Samiullah Shenwari,CK Langeveldt,1,0,,,,,,,,,
412687,2010,2010-05-05,"Kensington Oval, Bridgetown",2,7.1,Afghanistan,South Africa,Mirwais Ashraf,Samiullah Shenwari,M Morkel,0,1,1,,,,,,,,
412687,2010,2010-05-05,"Kensington Oval, Bridgetown",2,7.2,Afghanistan,South Africa,Mirwais Ashraf,Samiullah Shenwari,M Morkel,1,0,,,,,,,,,
412687,2010,2010-05-05,"Kensington Oval, Bridgetown",2,7.3,Afghanistan,South Africa,Samiullah Shenwari,Mirwais Ashraf,M Morkel,0,1,,1,,,,,,,
412687,2010,2010-05-05,"Kensington Oval, Bridgetown",2,7.4,Afghanistan,South Africa,Samiullah Shenwari,Mirwais Ashraf,M Morkel,0,0,,,,,,,,,
412687,2010,2010-05-05,"Kensington Oval, Bridgetown",2,7.5,Afghanistan,South Africa,Samiullah Shenwari,Mirwais Ashraf,M Morkel,2,0,,,,,,,,,
412687,2010,2010-05-05,"Kensington Oval, Bridgetown",2,7.6,Afghanistan,South Africa,Samiullah Shenwari,Mirwais Ashraf,M Morkel,1,0,,,,,,,,,
412687,2010,2010-05-05,"Kensington Oval, Bridgetown",2,7.7,Afghanistan,South Africa,Mirwais Ashraf,Samiullah Shenwari,M Morkel,0,0,,,,,,run out,Samiullah Shenwari,,
412687,2010,2010-05-05,"Kensington Oval, Bridgetown",2,7.8,Afghanistan,South Africa,Hamid Hassan,Mirwais Ashraf,M Morkel,0,0,,,,,,,,,
412687,2010,2010-05-05,"Kensington Oval, Bridgetown",2,8.1,Afghanistan,South Africa,Mirwais Ashraf,Hamid Hassan,RE van der Merwe,0,0,,,,,,,,,
412687,2010,2010-05-05,"Kensington Oval, Bridgetown",2,8.2,Afghanistan,South Africa,Mirwais Ashraf,Hamid Hassan,RE van der Merwe,0,0,,,,,,,,,
412687,2010,2010-05-05,"Kensington Oval, Bridgetown",2,8.3,Afghanistan,South Africa,Mirwais Ashraf,Hamid Hassan,RE van der Merwe,0,0,,,,,,,,,
412687,2010,2010-05-05,"Kensington Oval, Bridgetown",2,8.4,Afghanistan,South Africa,Mirwais Ashraf,Hamid Hassan,RE van der Merwe,0,0,,,,,,,,,
412687,2010,2010-05-05,"Kensington Oval, Bridgetown",2,8.5,Afghanistan,South Africa,Mirwais Ashraf,Hamid Hassan,RE van der Merwe,0,0,,,,,,,,,
412687,2010,2010-05-05,"Kensington Oval, Bridgetown",2,8.6,Afghanistan,South Africa,Mirwais Ashraf,Hamid Hassan,RE van der Merwe,0,1,1,,,,,,,,
412687,2010,2010-05-05,"Kensington Oval, Bridgetown",2,8.7,Afghanistan,South Africa,Mirwais Ashraf,Hamid Hassan,RE van der Merwe,0,0,,,,,,,,,
412687,2010,2010-05-05,"Kensington Oval, Bridgetown",2,9.1,Afghanistan,South Africa,Hamid Hassan,Mirwais Ashraf,JA Morkel,6,0,,,,,,,,,
412687,2010,2010-05-05,"Kensington Oval, Bridgetown",2,9.2,Afghanistan,South Africa,Hamid Hassan,Mirwais Ashraf,JA Morkel,0,0,,,,,,,,,
412687,2010,2010-05-05,"Kensington Oval, Bridgetown",2,9.3,Afghanistan,South Africa,Hamid Hassan,Mirwais Ashraf,JA Morkel,0,0,,,,,,,,,
412687,2010,2010-05-05,"Kensington Oval, Bridgetown",2,9.4,Afghanistan,South Africa,Hamid Hassan,Mirwais Ashraf,JA Morkel,1,0,,,,,,,,,
412687,2010,2010-05-05,"Kensington Oval, Bridgetown",2,9.5,Afghanistan,South Africa,Mirwais Ashraf,Hamid Hassan,JA Morkel,0,0,,,,,,,,,
412687,2010,2010-05-05,"Kensington Oval, Bridgetown",2,9.6,Afghanistan,South Africa,Mirwais Ashraf,Hamid Hassan,JA Morkel,1,0,,,,,,,,,
412687,2010,2010-05-05,"Kensington Oval, Bridgetown",2,10.1,Afghanistan,South Africa,Mirwais Ashraf,Hamid Hassan,RE van der Merwe,1,0,,,,,,,,,
412687,2010,2010-05-05,"Kensington Oval, Bridgetown",2,10.2,Afghanistan,South Africa,Hamid Hassan,Mirwais Ashraf,RE van der Merwe,0,0,,,,,,,,,
412687,2010,2010-05-05,"Kensington Oval, Bridgetown",2,10.3,Afghanistan,South Africa,Hamid Hassan,Mirwais Ashraf,RE van der Merwe,0,0,,,,,,,,,
412687,2010,2010-05-05,"Kensington Oval, Bridgetown",2,10.4,Afghanistan,South Africa,Hamid Hassan,Mirwais Ashraf,RE van der Merwe,1,0,,,,,,,,,
412687,2010,2010-05-05,"Kensington Oval, Bridgetown",2,10.5,Afghanistan,South Africa,Mirwais Ashraf,Hamid Hassan,RE van der Merwe,0,0,,,,,,,,,
412687,2010,2010-05-05,"Kensington Oval, Bridgetown",2,10.6,Afghanistan,South Africa,Mirwais Ashraf,Hamid Hassan,RE van der Merwe,1,0,,,,,,,,,
412687,2010,2010-05-05,"Kensington Oval, Bridgetown",2,11.1,Afghanistan,South Africa,Mirwais Ashraf,Hamid Hassan,JA Morkel,0,0,,,,,,,,,
412687,2010,2010-05-05,"Kensington Oval, Bridgetown",2,11.2,Afghanistan,South Africa,Mirwais Ashraf,Hamid Hassan,JA Morkel,4,0,,,,,,,,,
412687,2010,2010-05-05,"Kensington Oval, Bridgetown",2,11.3,Afghanistan,South Africa,Mirwais Ashraf,Hamid Hassan,JA Morkel,1,0,,,,,,,,,
412687,2010,2010-05-05,"Kensington Oval, Bridgetown",2,11.4,Afghanistan,South Africa,Hamid Hassan,Mirwais Ashraf,JA Morkel,1,0,,,,,,,,,
412687,2010,2010-05-05,"Kensington Oval, Bridgetown",2,11.5,Afghanistan,South Africa,Mirwais Ashraf,Hamid Hassan,JA Morkel,0,0,,,,,,,,,
412687,2010,2010-05-05,"Kensington Oval, Bridgetown",2,11.6,Afghanistan,South Africa,Mirwais Ashraf,Hamid Hassan,JA Morkel,6,0,,,,,,,,,
412687,2010,2010-05-05,"Kensington Oval, Bridgetown",2,12.1,Afghanistan,South Africa,Hamid Hassan,Mirwais Ashraf,RE van der Merwe,1,0,,,,,,,,,
412687,2010,2010-05-05,"Kensington Oval, Bridgetown",2,12.2,Afghanistan,South Africa,Mirwais Ashraf,Hamid Hassan,RE van der Merwe,0,0,,,,,,,,,
412687,2010,2010-05-05,"Kensington Oval, Bridgetown",2,12.3,Afghanistan,South Africa,Mirwais Ashraf,Hamid Hassan,RE van der Merwe,6,0,,,,,,,,,
412687,2010,2010-05-05,"Kensington Oval, Bridgetown",2,12.4,Afghanistan,South Africa,Mirwais Ashraf,Hamid Hassan,RE van der Merwe,0,0,,,,,,,,,
412687,2010,2010-05-05,"Kensington Oval, Bridgetown",2,12.5,Afghanistan,South Africa,Mirwais Ashraf,Hamid Hassan,RE van der Merwe,0,0,,,,,,,,,
412687,2010,2010-05-05,"Kensington Oval, Bridgetown",2,12.6,Afghanistan,South Africa,Mirwais Ashraf,Hamid Hassan,RE van der Merwe,1,0,,,,,,,,,
412687,2010,2010-05-05,"Kensington Oval, Bridgetown",2,13.1,Afghanistan,South Africa,Mirwais Ashraf,Hamid Hassan,CK Langeveldt,0,1,1,,,,,,,,
412687,2010,2010-05-05,"Kensington Oval, Bridgetown",2,13.2,Afghanistan,South Africa,Mirwais Ashraf,Hamid Hassan,CK Langeveldt,0,0,,,,,,bowled,Mirwais Ashraf,,
412687,2010,2010-05-05,"Kensington Oval, Bridgetown",2,13.3,Afghanistan,South Africa,Shapoor Zadran,Hamid Hassan,CK Langeveldt,0,0,,,,,,,,,
412687,2010,2010-05-05,"Kensington Oval, Bridgetown",2,13.4,Afghanistan,South Africa,Shapoor Zadran,Hamid Hassan,CK Langeveldt,0,1,1,,,,,,,,
412687,2010,2010-05-05,"Kensington Oval, Bridgetown",2,13.5,Afghanistan,South Africa,Shapoor Zadran,Hamid Hassan,CK Langeveldt,0,0,,,,,,,,,
412687,2010,2010-05-05,"Kensington Oval, Bridgetown",2,13.6,Afghanistan,South Africa,Shapoor Zadran,Hamid Hassan,CK Langeveldt,0,0,,,,,,,,,
412687,2010,2010-05-05,"Kensington Oval, Bridgetown",2,13.7,Afghanistan,South Africa,Shapoor Zadran,Hamid Hassan,CK Langeveldt,0,1,1,,,,,,,,
412687,2010,2010-05-05,"Kensington Oval, Bridgetown",2,13.8,Afghanistan,South Africa,Shapoor Zadran,Hamid Hassan,CK Langeveldt,0,0,,,,,,,,,
412687,2010,2010-05-05,"Kensington Oval, Bridgetown",2,13.9,Afghanistan,South Africa,Shapoor Zadran,Hamid Hassan,CK Langeveldt,0,0,,,,,,,,,
412687,2010,2010-05-05,"Kensington Oval, Bridgetown",2,14.1,Afghanistan,South Africa,Hamid Hassan,Shapoor Zadran,RE van der Merwe,6,0,,,,,,,,,
412687,2010,2010-05-05,"Kensington Oval, Bridgetown",2,14.2,Afghanistan,South Africa,Hamid Hassan,Shapoor Zadran,RE van der Merwe,0,0,,,,,,,,,
412687,2010,2010-05-05,"Kensington Oval, Bridgetown",2,14.3,Afghanistan,South Africa,Hamid Hassan,Shapoor Zadran,RE van der Merwe,1,0,,,,,,,,,
412687,2010,2010-05-05,"Kensington Oval, Bridgetown",2,14.4,Afghanistan,South Africa,Shapoor Zadran,Hamid Hassan,RE van der Merwe,1,0,,,,,,,,,
412687,2010,2010-05-05,"Kensington Oval, Bridgetown",2,14.5,Afghanistan,South Africa,Hamid Hassan,Shapoor Zadran,RE van der Merwe,0,0,,,,,,,,,
412687,2010,2010-05-05,"Kensington Oval, Bridgetown",2,14.6,Afghanistan,South Africa,Hamid Hassan,Shapoor Zadran,RE van der Merwe,1,0,,,,,,,,,
412687,2010,2010-05-05,"Kensington Oval, Bridgetown",2,15.1,Afghanistan,South Africa,Hamid Hassan,Shapoor Zadran,CK Langeveldt,0,0,,,,,,,,,
412687,2010,2010-05-05,"Kensington Oval, Bridgetown",2,15.2,Afghanistan,South Africa,Hamid Hassan,Shapoor Zadran,CK Langeveldt,0,0,,,,,,,,,
412687,2010,2010-05-05,"Kensington Oval, Bridgetown",2,15.3,Afghanistan,South Africa,Hamid Hassan,Shapoor Zadran,CK Langeveldt,0,0,,,,,,,,,
412687,2010,2010-05-05,"Kensington Oval, Bridgetown",2,15.4,Afghanistan,South Africa,Hamid Hassan,Shapoor Zadran,CK Langeveldt,0,0,,,,,,,,,
412687,2010,2010-05-05,"Kensington Oval, Bridgetown",2,15.5,Afghanistan,South Africa,Hamid Hassan,Shapoor Zadran,CK Langeveldt,4,0,,,,,,,,,
412687,2010,2010-05-05,"Kensington Oval, Bridgetown",2,15.6,Afghanistan,South Africa,Hamid Hassan,Shapoor Zadran,CK Langeveldt,0,0,,,,,,caught,Hamid Hassan,,
