match_id,season,start_date,venue,innings,ball,batting_team,bowling_team,striker,non_striker,bowler,runs_off_bat,extras,wides,noballs,byes,legbyes,penalty,wicket_type,player_dismissed,other_wicket_type,other_player_dismissed
439146,2010,2010-05-19,"Sir Vivian Richards Stadium, North Sound",1,0.1,South Africa,West Indies,GC Smith,LE Bosman,KAJ Roach,0,0,,,,,,,,,
439146,2010,2010-05-19,"Sir Vivian Richards Stadium, North Sound",1,0.2,South Africa,West Indies,GC Smith,LE Bosman,KAJ Roach,1,0,,,,,,,,,
439146,2010,2010-05-19,"Sir Vivian Richards Stadium, North Sound",1,0.3,South Africa,West Indies,LE Bosman,GC Smith,KAJ Roach,0,5,,5,,,,,,,
439146,2010,2010-05-19,"Sir Vivian Richards Stadium, North Sound",1,0.4,South Africa,West Indies,LE Bosman,GC Smith,KAJ Roach,2,0,,,,,,,,,
439146,2010,2010-05-19,"Sir Vivian Richards Stadium, North Sound",1,0.5,South Africa,West Indies,LE Bosman,GC Smith,KAJ Roach,0,0,,,,,,,,,
439146,2010,2010-05-19,"Sir Vivian Richards Stadium, North Sound",1,0.6,South Africa,West Indies,LE Bosman,GC Smith,KAJ Roach,2,0,,,,,,,,,
439146,2010,2010-05-19,"Sir Vivian Richards Stadium, North Sound",1,0.7,South Africa,West Indies,LE Bosman,GC Smith,KAJ Roach,0,0,,,,,,,,,
439146,2010,2010-05-19,"Sir Vivian Richards Stadium, North Sound",1,1.1,South Africa,West Indies,GC Smith,LE Bosman,JE Taylor,0,0,,,,,,,,,
439146,2010,2010-05-19,"Sir Vivian Richards Stadium, North Sound",1,1.2,South Africa,West Indies,GC Smith,LE Bosman,JE Taylor,0,0,,,,,,,,,
439146,2010,2010-05-19,"Sir Vivian Richards Stadium, North Sound",1,1.3,South Africa,West Indies,GC Smith,LE Bosman,JE Taylor,0,0,,,,,,,,,
439146,2010,2010-05-19,"Sir Vivian Richards Stadium, North Sound",1,1.4,South Africa,West Indies,GC Smith,LE Bosman,JE Taylor,0,0,,,,,,,,,
439146,2010,2010-05-19,"Sir Vivian Richards Stadium, North Sound",1,1.5,South Africa,West Indies,GC Smith,LE Bosman,JE Taylor,0,0,,,,,,,,,
439146,2010,2010-05-19,"Sir Vivian Richards Stadium, North Sound",1,1.6,South Africa,West Indies,GC Smith,LE Bosman,JE Taylor,2,0,,,,,,,,,
439146,2010,2010-05-19,"Sir Vivian Richards Stadium, North Sound",1,2.1,South Africa,West Indies,LE Bosman,GC Smith,KAJ Roach,0,0,,,,,,,,,
439146,2010,2010-05-19,"Sir Vivian Richards Stadium, North Sound",1,2.2,South Africa,West Indies,LE Bosman,GC Smith,KAJ Roach,2,0,,,,,,,,,
439146,2010,2010-05-19,"Sir Vivian Richards Stadium, North Sound",1,2.3,South Africa,West Indies,LE Bosman,GC Smith,KAJ Roach,0,0,,,,,,,,,
439146,2010,2010-05-19,"Sir Vivian Richards Stadium, North Sound",1,2.4,South Africa,West Indies,LE Bosman,GC Smith,KAJ Roach,0,0,,,,,,,,,
439146,2010,2010-05-19,"Sir Vivian Richards Stadium, North Sound",1,2.5,South Africa,West Indies,LE Bosman,GC Smith,KAJ Roach,0,0,,,,,,,,,
439146,2010,2010-05-19,"Sir Vivian Richards Stadium, North Sound",1,2.6,South Africa,West Indies,LE Bosman,GC Smith,KAJ Roach,1,0,,,,,,,,,
439146,2010,2010-05-19,"Sir Vivian Richards Stadium, North Sound",1,3.1,South Africa,West Indies,LE Bosman,GC Smith,JE Taylor,0,0,,,,,,caught,LE Bosman,,
439146,2010,2010-05-19,"Sir Vivian Richards Stadium, North Sound",1,3.2,South Africa,West Indies,JH Kallis,GC Smith,JE Taylor,0,1,,,,1,,,,,
439146,2010,2010-05-19,"Sir Vivian Richards Stadium, North Sound",1,3.3,South Africa,West Indies,GC Smith,JH Kallis,JE Taylor,1,0,,,,,,,,,
439146,2010,2010-05-19,"Sir Vivian Richards Stadium, North Sound",1,3.4,South Africa,West Indies,JH Kallis,GC Smith,JE Taylor,0,0,,,,,,,,,
439146,2010,2010-05-19,"Sir Vivian Richards Stadium, North Sound",1,3.5,South Africa,West Indies,JH Kallis,GC Smith,JE Taylor,0,0,,,,,,,,,
439146,2010,2010-05-19,"Sir Vivian Richards Stadium, North Sound",1,3.6,South Africa,West Indies,JH Kallis,GC Smith,JE Taylor,0,0,,,,,,,,,
439146,2010,2010-05-19,"Sir Vivian Richards Stadium, North Sound",1,4.1,South Africa,West Indies,GC Smith,JH Kallis,SJ Benn,1,0,,,,,,,,,
439146,2010,2010-05-19,"Sir Vivian Richards Stadium, North Sound",1,4.2,South Africa,West Indies,JH Kallis,GC Smith,SJ Benn,0,0,,,,,,,,,
439146,2010,2010-05-19,"Sir Vivian Richards Stadium, North Sound",1,4.3,South Africa,West Indies,JH Kallis,GC Smith,SJ Benn,1,0,,,,,,,,,
439146,2010,2010-05-19,"Sir Vivian Richards Stadium, North Sound",1,4.4,South Africa,West Indies,GC Smith,JH Kallis,SJ Benn,0,0,,,,,,,,,
439146,2010,2010-05-19,"Sir Vivian Richards Stadium, North Sound",1,4.5,South Africa,West Indies,GC Smith,JH Kallis,SJ Benn,1,0,,,,,,,,,
439146,2010,2010-05-19,"Sir Vivian Richards Stadium, North Sound",1,4.6,South Africa,West Indies,JH Kallis,GC Smith,SJ Benn,0,0,,,,,,,,,
439146,2010,2010-05-19,"Sir Vivian Richards Stadium, North Sound",1,5.1,South Africa,West Indies,GC Smith,JH Kallis,JE Taylor,0,0,,,,,,,,,
439146,2010,2010-05-19,"Sir Vivian Richards Stadium, North Sound",1,5.2,South Africa,West Indies,GC Smith,JH Kallis,JE Taylor,4,0,,,,,,,,,
439146,2010,2010-05-19,"Sir Vivian Richards Stadium, North Sound",1,5.3,South Africa,West Indies,GC Smith,JH Kallis,JE Taylor,4,0,,,,,,,,,
439146,2010,2010-05-19,"Sir Vivian Richards Stadium, North Sound",1,5.4,South Africa,West Indies,GC Smith,JH Kallis,JE Taylor,1,0,,,,,,,,,
439146,2010,2010-05-19,"Sir Vivian Richards Stadium, North Sound",1,5.5,South Africa,West Indies,JH Kallis,GC Smith,JE Taylor,0,0,,,,,,,,,
439146,2010,2010-05-19,"Sir Vivian Richards Stadium, North Sound",1,5.6,South Africa,West Indies,JH Kallis,GC Smith,JE Taylor,4,0,,,,,,,,,
439146,2010,2010-05-19,"Sir Vivian Richards Stadium, North Sound",1,6.1,South Africa,West Indies,GC Smith,JH Kallis,SJ Benn,1,0,,,,,,,,,
439146,2010,2010-05-19,"Sir Vivian Richards Stadium, North Sound",1,6.2,South Africa,West Indies,JH Kallis,GC Smith,SJ Benn,2,0,,,,,,,,,
439146,2010,2010-05-19,"Sir Vivian Richards Stadium, North Sound",1,6.3,South Africa,West Indies,JH Kallis,GC Smith,SJ Benn,0,0,,,,,,,,,
439146,2010,2010-05-19,"Sir Vivian Richards Stadium, North Sound",1,6.4,South Africa,West Indies,JH Kallis,GC Smith,SJ Benn,2,0,,,,,,,,,
439146,2010,2010-05-19,"Sir Vivian Richards Stadium, North Sound",1,6.5,South Africa,West Indies,JH Kallis,GC Smith,SJ Benn,0,0,,,,,,,,,
439146,2010,2010-05-19,"Sir Vivian Richards Stadium, North Sound",1,6.6,South Africa,West Indies,JH Kallis,GC Smith,SJ Benn,1,0,,,,,,,,,
439146,2010,2010-05-19,"Sir Vivian Richards Stadium, North Sound",1,7.1,South Africa,West Indies,JH Kallis,GC Smith,DJG Sammy,1,0,,,,,,,,,
439146,2010,2010-05-19,"Sir Vivian Richards Stadium, North Sound",1,7.2,South Africa,West Indies,GC Smith,JH Kallis,DJG Sammy,1,0,,,,,,,,,
439146,2010,2010-05-19,"Sir Vivian Richards Stadium, North Sound",1,7.3,South Africa,West Indies,JH Kallis,GC Smith,DJG Sammy,0,0,,,,,,,,,
439146,2010,2010-05-19,"Sir Vivian Richards Stadium, North Sound",1,7.4,South Africa,West Indies,JH Kallis,GC Smith,DJG Sammy,1,0,,,,,,,,,
439146,2010,2010-05-19,"Sir Vivian Richards Stadium, North Sound",1,7.5,South Africa,West Indies,GC Smith,JH Kallis,DJG Sammy,0,0,,,,,,,,,
439146,2010,2010-05-19,"Sir Vivian Richards Stadium, North Sound",1,7.6,South Africa,West Indies,GC Smith,JH Kallis,DJG Sammy,4,0,,,,,,,,,
439146,2010,2010-05-19,"Sir Vivian Richards Stadium, North Sound",1,8.1,South Africa,West Indies,JH Kallis,GC Smith,SJ Benn,2,0,,,,,,,,,
439146,2010,2010-05-19,"Sir Vivian Richards Stadium, North Sound",1,8.2,South Africa,West Indies,JH Kallis,GC Smith,SJ Benn,0,0,,,,,,,,,
439146,2010,2010-05-19,"Sir Vivian Richards Stadium, North Sound",1,8.3,South Africa,West Indies,JH Kallis,GC Smith,SJ Benn,6,0,,,,,,,,,
439146,2010,2010-05-19,"Sir Vivian Richards Stadium, North Sound",1,8.4,South Africa,West Indies,JH Kallis,GC Smith,SJ Benn,1,0,,,,,,,,,
439146,2010,2010-05-19,"Sir Vivian Richards Stadium, North Sound",1,8.5,South Africa,West Indies,GC Smith,JH Kallis,SJ Benn,1,0,,,,,,,,,
439146,2010,2010-05-19,"Sir Vivian Richards Stadium, North Sound",1,8.6,South Africa,West Indies,JH Kallis,GC Smith,SJ Benn,1,0,,,,,,,,,
439146,2010,2010-05-19,"Sir Vivian Richards Stadium, North Sound",1,9.1,South Africa,West Indies,JH Kallis,GC Smith,DJG Sammy,1,0,,,,,,,,,
439146,2010,2010-05-19,"Sir Vivian Richards Stadium, North Sound",1,9.2,South Africa,West Indies,GC Smith,JH Kallis,DJG Sammy,1,0,,,,,,,,,
439146,2010,2010-05-19,"Sir Vivian Richards Stadium, North Sound",1,9.3,South Africa,West Indies,JH Kallis,GC Smith,DJG Sammy,0,0,,,,,,,,,
439146,2010,2010-05-19,"Sir Vivian Richards Stadium, North Sound",1,9.4,South Africa,West Indies,JH Kallis,GC Smith,DJG Sammy,0,0,,,,,,,,,
439146,2010,2010-05-19,"Sir Vivian Richards Stadium, North Sound",1,9.5,South Africa,West Indies,JH Kallis,GC Smith,DJG Sammy,1,0,,,,,,,,,
439146,2010,2010-05-19,"Sir Vivian Richards Stadium, North Sound",1,9.6,South Africa,West Indies,GC Smith,JH Kallis,DJG Sammy,1,0,,,,,,,,,
439146,2010,2010-05-19,"Sir Vivian Richards Stadium, North Sound",1,10.1,South Africa,West Indies,GC Smith,JH Kallis,DJ Bravo,2,0,,,,,,,,,
439146,2010,2010-05-19,"Sir Vivian Richards Stadium, North Sound",1,10.2,South Africa,West Indies,GC Smith,JH Kallis,DJ Bravo,1,0,,,,,,,,,
439146,2010,2010-05-19,"Sir Vivian Richards Stadium, North Sound",1,10.3,South Africa,West Indies,JH Kallis,GC Smith,DJ Bravo,6,0,,,,,,,,,
439146,2010,2010-05-19,"Sir Vivian Richards Stadium, North Sound",1,10.4,South Africa,West Indies,JH Kallis,GC Smith,DJ Bravo,3,0,,,,,,,,,
439146,2010,2010-05-19,"Sir Vivian Richards Stadium, North Sound",1,10.5,South Africa,West Indies,GC Smith,JH Kallis,DJ Bravo,0,1,,,,1,,,,,
439146,2010,2010-05-19,"Sir Vivian Richards Stadium, North Sound",1,10.6,South Africa,West Indies,JH Kallis,GC Smith,DJ Bravo,0,1,1,,,,,,,,
439146,2010,2010-05-19,"Sir Vivian Richards Stadium, North Sound",1,10.7,South Africa,West Indies,JH Kallis,GC Smith,DJ Bravo,1,0,,,,,,,,,
439146,2010,2010-05-19,"Sir Vivian Richards Stadium, North Sound",1,11.1,South Africa,West Indies,JH Kallis,GC Smith,CH Gayle,1,0,,,,,,,,,
439146,2010,2010-05-19,"Sir Vivian Richards Stadium, North Sound",1,11.2,South Africa,West Indies,GC Smith,JH Kallis,CH Gayle,6,0,,,,,,,,,
439146,2010,2010-05-19,"Sir Vivian Richards Stadium, North Sound",1,11.3,South Africa,West Indies,GC Smith,JH Kallis,CH Gayle,2,0,,,,,,,,,
439146,2010,2010-05-19,"Sir Vivian Richards Stadium, North Sound",1,11.4,South Africa,West Indies,GC Smith,JH Kallis,CH Gayle,1,0,,,,,,,,,
439146,2010,2010-05-19,"Sir Vivian Richards Stadium, North Sound",1,11.5,South Africa,West Indies,JH Kallis,GC Smith,CH Gayle,1,0,,,,,,,,,
439146,2010,2010-05-19,"Sir Vivian Richards Stadium, North Sound",1,11.6,South Africa,West Indies,GC Smith,JH Kallis,CH Gayle,1,0,,,,,,,,,
439146,2010,2010-05-19,"Sir Vivian Richards Stadium, North Sound",1,12.1,South Africa,West Indies,GC Smith,JH Kallis,NO Miller,0,0,,,,,,stumped,GC Smith,,
439146,2010,2010-05-19,"Sir Vivian Richards Stadium, North Sound",1,12.2,South Africa,West Indies,AB de Villiers,JH Kallis,NO Miller,0,0,,,,,,,,,
439146,2010,2010-05-19,"Sir Vivian Richards Stadium, North Sound",1,12.3,South Africa,West Indies,AB de Villiers,JH Kallis,NO Miller,0,0,,,,,,,,,
439146,2010,2010-05-19,"Sir Vivian Richards Stadium, North Sound",1,12.4,South Africa,West Indies,AB de Villiers,JH Kallis,NO Miller,1,0,,,,,,,,,
439146,2010,2010-05-19,"Sir Vivian Richards Stadium, North Sound",1,12.5,South Africa,West Indies,JH Kallis,AB de Villiers,NO Miller,1,0,,,,,,,,,
439146,2010,2010-05-19,"Sir Vivian Richards Stadium, North Sound",1,12.6,South Africa,West Indies,AB de Villiers,JH Kallis,NO Miller,0,0,,,,,,,,,
439146,2010,2010-05-19,"Sir Vivian Richards Stadium, North Sound",1,13.1,South Africa,West Indies,JH Kallis,AB de Villiers,KA Pollard,1,0,,,,,,,,,
439146,2010,2010-05-19,"Sir Vivian Richards Stadium, North Sound",1,13.2,South Africa,West Indies,AB de Villiers,JH Kallis,KA Pollard,1,0,,,,,,,,,
439146,2010,2010-05-19,"Sir Vivian Richards Stadium, North Sound",1,13.3,South Africa,West Indies,JH Kallis,AB de Villiers,KA Pollard,1,0,,,,,,,,,
439146,2010,2010-05-19,"Sir Vivian Richards Stadium, North Sound",1,13.4,South Africa,West Indies,AB de Villiers,JH Kallis,KA Pollard,0,1,1,,,,,,,,
439146,2010,2010-05-19,"Sir Vivian Richards Stadium, North Sound",1,13.5,South Africa,West Indies,AB de Villiers,JH Kallis,KA Pollard,1,0,,,,,,,,,
439146,2010,2010-05-19,"Sir Vivian Richards Stadium, North Sound",1,13.6,South Africa,West Indies,JH Kallis,AB de Villiers,KA Pollard,0,0,,,,,,,,,
439146,2010,2010-05-19,"Sir Vivian Richards Stadium, North Sound",1,13.7,South Africa,West Indies,JH Kallis,AB de Villiers,KA Pollard,1,0,,,,,,,,,
439146,2010,2010-05-19,"Sir Vivian Richards Stadium, North Sound",1,14.1,South Africa,West Indies,JH Kallis,AB de Villiers,NO Miller,0,0,,,,,,,,,
439146,2010,2010-05-19,"Sir Vivian Richards Stadium, North Sound",1,14.2,South Africa,West Indies,JH Kallis,AB de Villiers,NO Miller,1,0,,,,,,,,,
439146,2010,2010-05-19,"Sir Vivian Richards Stadium, North Sound",1,14.3,South Africa,West Indies,AB de Villiers,JH Kallis,NO Miller,1,0,,,,,,,,,
439146,2010,2010-05-19,"Sir Vivian Richards Stadium, North Sound",1,14.4,South Africa,West Indies,JH Kallis,AB de Villiers,NO Miller,6,0,,,,,,,,,
439146,2010,2010-05-19,"Sir Vivian Richards Stadium, North Sound",1,14.5,South Africa,West Indies,JH Kallis,AB de Villiers,NO Miller,2,0,,,,,,,,,
439146,2010,2010-05-19,"Sir Vivian Richards Stadium, North Sound",1,14.6,South Africa,West Indies,JH Kallis,AB de Villiers,NO Miller,1,0,,,,,,,,,
439146,2010,2010-05-19,"Sir Vivian Richards Stadium, North Sound",1,15.1,South Africa,West Indies,JH Kallis,AB de Villiers,KA Pollard,0,0,,,,,,,,,
439146,2010,2010-05-19,"Sir Vivian Richards Stadium, North Sound",1,15.2,South Africa,West Indies,JH Kallis,AB de Villiers,KA Pollard,2,0,,,,,,,,,
439146,2010,2010-05-19,"Sir Vivian Richards Stadium, North Sound",1,15.3,South Africa,West Indies,JH Kallis,AB de Villiers,KA Pollard,1,0,,,,,,,,,
439146,2010,2010-05-19,"Sir Vivian Richards Stadium, North Sound",1,15.4,South Africa,West Indies,AB de Villiers,JH Kallis,KA Pollard,1,0,,,,,,,,,
439146,2010,2010-05-19,"Sir Vivian Richards Stadium, North Sound",1,15.5,South Africa,West Indies,JH Kallis,AB de Villiers,KA Pollard,0,0,,,,,,caught,JH Kallis,,
439146,2010,2010-05-19,"Sir Vivian Richards Stadium, North Sound",1,15.6,South Africa,West Indies,AB de Villiers,JP Duminy,KA Pollard,0,1,1,,,,,,,,
439146,2010,2010-05-19,"Sir Vivian Richards Stadium, North Sound",1,15.7,South Africa,West Indies,AB de Villiers,JP Duminy,KA Pollard,2,0,,,,,,,,,
439146,2010,2010-05-19,"Sir Vivian Richards Stadium, North Sound",1,16.1,South Africa,West Indies,JP Duminy,AB de Villiers,KAJ Roach,0,1,1,,,,,,,,
439146,2010,2010-05-19,"Sir Vivian Richards Stadium, North Sound",1,16.2,South Africa,West Indies,JP Duminy,AB de Villiers,KAJ Roach,0,0,,,,,,bowled,JP Duminy,,
439146,2010,2010-05-19,"Sir Vivian Richards Stadium, North Sound",1,16.3,South Africa,West Indies,J Botha,AB de Villiers,KAJ Roach,0,0,,,,,,,,,
439146,2010,2010-05-19,"Sir Vivian Richards Stadium, North Sound",1,16.4,South Africa,West Indies,J Botha,AB de Villiers,KAJ Roach,0,0,,,,,,caught,J Botha,,
439146,2010,2010-05-19,"Sir Vivian Richards Stadium, North Sound",1,16.5,South Africa,West Indies,AB de Villiers,AN Petersen,KAJ Roach,1,0,,,,,,,,,
439146,2010,2010-05-19,"Sir Vivian Richards Stadium, North Sound",1,16.6,South Africa,West Indies,AN Petersen,AB de Villiers,KAJ Roach,0,1,,,,1,,,,,
439146,2010,2010-05-19,"Sir Vivian Richards Stadium, North Sound",1,16.7,South Africa,West Indies,AB de Villiers,AN Petersen,KAJ Roach,2,0,,,,,,,,,
439146,2010,2010-05-19,"Sir Vivian Richards Stadium, North Sound",1,17.1,South Africa,West Indies,AN Petersen,AB de Villiers,KA Pollard,0,0,,,,,,,,,
439146,2010,2010-05-19,"Sir Vivian Richards Stadium, North Sound",1,17.2,South Africa,West Indies,AN Petersen,AB de Villiers,KA Pollard,1,0,,,,,,,,,
439146,2010,2010-05-19,"Sir Vivian Richards Stadium, North Sound",1,17.3,South Africa,West Indies,AB de Villiers,AN Petersen,KA Pollard,1,0,,,,,,,,,
439146,2010,2010-05-19,"Sir Vivian Richards Stadium, North Sound",1,17.4,South Africa,West Indies,AN Petersen,AB de Villiers,KA Pollard,1,0,,,,,,,,,
439146,2010,2010-05-19,"Sir Vivian Richards Stadium, North Sound",1,17.5,South Africa,West Indies,AB de Villiers,AN Petersen,KA Pollard,0,0,,,,,,,,,
439146,2010,2010-05-19,"Sir Vivian Richards Stadium, North Sound",1,17.6,South Africa,West Indies,AB de Villiers,AN Petersen,KA Pollard,0,0,,,,,,caught,AB de Villiers,,
439146,2010,2010-05-19,"Sir Vivian Richards Stadium, North Sound",1,18.1,South Africa,West Indies,R McLaren,AN Petersen,KAJ Roach,1,0,,,,,,,,,
439146,2010,2010-05-19,"Sir Vivian Richards Stadium, North Sound",1,18.2,South Africa,West Indies,AN Petersen,R McLaren,KAJ Roach,0,0,,,,,,,,,
439146,2010,2010-05-19,"Sir Vivian Richards Stadium, North Sound",1,18.3,South Africa,West Indies,AN Petersen,R McLaren,KAJ Roach,4,0,,,,,,,,,
439146,2010,2010-05-19,"Sir Vivian Richards Stadium, North Sound",1,18.4,South Africa,West Indies,AN Petersen,R McLaren,KAJ Roach,0,0,,,,,,run out,AN Petersen,,
439146,2010,2010-05-19,"Sir Vivian Richards Stadium, North Sound",1,18.5,South Africa,West Indies,RE van der Merwe,R McLaren,KAJ Roach,1,0,,,,,,,,,
439146,2010,2010-05-19,"Sir Vivian Richards Stadium, North Sound",1,18.6,South Africa,West Indies,R McLaren,RE van der Merwe,KAJ Roach,2,0,,,,,,,,,
439146,2010,2010-05-19,"Sir Vivian Richards Stadium, North Sound",1,19.1,South Africa,West Indies,RE van der Merwe,R McLaren,KA Pollard,1,0,,,,,,,,,
439146,2010,2010-05-19,"Sir Vivian Richards Stadium, North Sound",1,19.2,South Africa,West Indies,R McLaren,RE van der Merwe,KA Pollard,0,0,,,,,,,,,
439146,2010,2010-05-19,"Sir Vivian Richards Stadium, North Sound",1,19.3,South Africa,West Indies,R McLaren,RE van der Merwe,KA Pollard,0,0,,,,,,,,,
439146,2010,2010-05-19,"Sir Vivian Richards Stadium, North Sound",1,19.4,South Africa,West Indies,R McLaren,RE van der Merwe,KA Pollard,2,0,,,,,,,,,
439146,2010,2010-05-19,"Sir Vivian Richards Stadium, North Sound",1,19.5,South Africa,West Indies,R McLaren,RE van der Merwe,KA Pollard,1,0,,,,,,,,,
439146,2010,2010-05-19,"Sir Vivian Richards Stadium, North Sound",1,19.6,South Africa,West Indies,RE van der Merwe,R McLaren,KA Pollard,2,0,,,,,,,,,
439146,2010,2010-05-19,"Sir Vivian Richards Stadium, North Sound",2,0.1,West Indies,South Africa,CH Gayle,ADS Fletcher,RE van der Merwe,0,0,,,,,,,,,
439146,2010,2010-05-19,"Sir Vivian Richards Stadium, North Sound",2,0.2,West Indies,South Africa,CH Gayle,ADS Fletcher,RE van der Merwe,2,0,,,,,,,,,
439146,2010,2010-05-19,"Sir Vivian Richards Stadium, North Sound",2,0.3,West Indies,South Africa,CH Gayle,ADS Fletcher,RE van der Merwe,0,1,1,,,,,,,,
439146,2010,2010-05-19,"Sir Vivian Richards Stadium, North Sound",2,0.4,West Indies,South Africa,CH Gayle,ADS Fletcher,RE van der Merwe,0,0,,,,,,,,,
439146,2010,2010-05-19,"Sir Vivian Richards Stadium, North Sound",2,0.5,West Indies,South Africa,CH Gayle,ADS Fletcher,RE van der Merwe,4,0,,,,,,,,,
439146,2010,2010-05-19,"Sir Vivian Richards Stadium, North Sound",2,0.6,West Indies,South Africa,CH Gayle,ADS Fletcher,RE van der Merwe,4,0,,,,,,,,,
439146,2010,2010-05-19,"Sir Vivian Richards Stadium, North Sound",2,0.7,West Indies,South Africa,CH Gayle,ADS Fletcher,RE van der Merwe,1,0,,,,,,,,,
439146,2010,2010-05-19,"Sir Vivian Richards Stadium, North Sound",2,1.1,West Indies,South Africa,CH Gayle,ADS Fletcher,DW Steyn,0,0,,,,,,,,,
439146,2010,2010-05-19,"Sir Vivian Richards Stadium, North Sound",2,1.2,West Indies,South Africa,CH Gayle,ADS Fletcher,DW Steyn,0,0,,,,,,,,,
439146,2010,2010-05-19,"Sir Vivian Richards Stadium, North Sound",2,1.3,West Indies,South Africa,CH Gayle,ADS Fletcher,DW Steyn,0,0,,,,,,,,,
439146,2010,2010-05-19,"Sir Vivian Richards Stadium, North Sound",2,1.4,West Indies,South Africa,CH Gayle,ADS Fletcher,DW Steyn,2,0,,,,,,,,,
439146,2010,2010-05-19,"Sir Vivian Richards Stadium, North Sound",2,1.5,West Indies,South Africa,CH Gayle,ADS Fletcher,DW Steyn,0,0,,,,,,,,,
439146,2010,2010-05-19,"Sir Vivian Richards Stadium, North Sound",2,1.6,West Indies,South Africa,CH Gayle,ADS Fletcher,DW Steyn,0,0,,,,,,,,,
439146,2010,2010-05-19,"Sir Vivian Richards Stadium, North Sound",2,2.1,West Indies,South Africa,ADS Fletcher,CH Gayle,R McLaren,0,0,,,,,,,,,
439146,2010,2010-05-19,"Sir Vivian Richards Stadium, North Sound",2,2.2,West Indies,South Africa,ADS Fletcher,CH Gayle,R McLaren,0,0,,,,,,,,,
439146,2010,2010-05-19,"Sir Vivian Richards Stadium, North Sound",2,2.3,West Indies,South Africa,ADS Fletcher,CH Gayle,R McLaren,0,0,,,,,,caught,ADS Fletcher,,
439146,2010,2010-05-19,"Sir Vivian Richards Stadium, North Sound",2,2.4,West Indies,South Africa,DJ Bravo,CH Gayle,R McLaren,0,0,,,,,,,,,
439146,2010,2010-05-19,"Sir Vivian Richards Stadium, North Sound",2,2.5,West Indies,South Africa,DJ Bravo,CH Gayle,R McLaren,1,0,,,,,,,,,
439146,2010,2010-05-19,"Sir Vivian Richards Stadium, North Sound",2,2.6,West Indies,South Africa,CH Gayle,DJ Bravo,R McLaren,0,0,,,,,,,,,
439146,2010,2010-05-19,"Sir Vivian Richards Stadium, North Sound",2,3.1,West Indies,South Africa,DJ Bravo,CH Gayle,CK Langeveldt,0,0,,,,,,,,,
439146,2010,2010-05-19,"Sir Vivian Richards Stadium, North Sound",2,3.2,West Indies,South Africa,DJ Bravo,CH Gayle,CK Langeveldt,0,0,,,,,,,,,
439146,2010,2010-05-19,"Sir Vivian Richards Stadium, North Sound",2,3.3,West Indies,South Africa,DJ Bravo,CH Gayle,CK Langeveldt,4,0,,,,,,,,,
439146,2010,2010-05-19,"Sir Vivian Richards Stadium, North Sound",2,3.4,West Indies,South Africa,DJ Bravo,CH Gayle,CK Langeveldt,4,0,,,,,,,,,
439146,2010,2010-05-19,"Sir Vivian Richards Stadium, North Sound",2,3.5,West Indies,South Africa,DJ Bravo,CH Gayle,CK Langeveldt,1,0,,,,,,,,,
439146,2010,2010-05-19,"Sir Vivian Richards Stadium, North Sound",2,3.6,West Indies,South Africa,CH Gayle,DJ Bravo,CK Langeveldt,0,0,,,,,,,,,
439146,2010,2010-05-19,"Sir Vivian Richards Stadium, North Sound",2,4.1,West Indies,South Africa,DJ Bravo,CH Gayle,DW Steyn,2,0,,,,,,,,,
439146,2010,2010-05-19,"Sir Vivian Richards Stadium, North Sound",2,4.2,West Indies,South Africa,DJ Bravo,CH Gayle,DW Steyn,0,0,,,,,,,,,
439146,2010,2010-05-19,"Sir Vivian Richards Stadium, North Sound",2,4.3,West Indies,South Africa,DJ Bravo,CH Gayle,DW Steyn,1,0,,,,,,,,,
439146,2010,2010-05-19,"Sir Vivian Richards Stadium, North Sound",2,4.4,West Indies,South Africa,CH Gayle,DJ Bravo,DW Steyn,1,0,,,,,,,,,
439146,2010,2010-05-19,"Sir Vivian Richards Stadium, North Sound",2,4.5,West Indies,South Africa,DJ Bravo,CH Gayle,DW Steyn,0,0,,,,,,,,,
439146,2010,2010-05-19,"Sir Vivian Richards Stadium, North Sound",2,4.6,West Indies,South Africa,DJ Bravo,CH Gayle,DW Steyn,0,0,,,,,,,,,
439146,2010,2010-05-19,"Sir Vivian Richards Stadium, North Sound",2,5.1,West Indies,South Africa,CH Gayle,DJ Bravo,R McLaren,0,0,,,,,,caught,CH Gayle,,
439146,2010,2010-05-19,"Sir Vivian Richards Stadium, North Sound",2,5.2,West Indies,South Africa,RR Sarwan,DJ Bravo,R McLaren,0,0,,,,,,,,,
439146,2010,2010-05-19,"Sir Vivian Richards Stadium, North Sound",2,5.3,West Indies,South Africa,RR Sarwan,DJ Bravo,R McLaren,0,0,,,,,,,,,
439146,2010,2010-05-19,"Sir Vivian Richards Stadium, North Sound",2,5.4,West Indies,South Africa,RR Sarwan,DJ Bravo,R McLaren,0,1,1,,,,,,,,
439146,2010,2010-05-19,"Sir Vivian Richards Stadium, North Sound",2,5.5,West Indies,South Africa,RR Sarwan,DJ Bravo,R McLaren,0,0,,,,,,,,,
439146,2010,2010-05-19,"Sir Vivian Richards Stadium, North Sound",2,5.6,West Indies,South Africa,RR Sarwan,DJ Bravo,R McLaren,1,0,,,,,,,,,
439146,2010,2010-05-19,"Sir Vivian Richards Stadium, North Sound",2,5.7,West Indies,South Africa,DJ Bravo,RR Sarwan,R McLaren,1,0,,,,,,,,,
439146,2010,2010-05-19,"Sir Vivian Richards Stadium, North Sound",2,6.1,West Indies,South Africa,DJ Bravo,RR Sarwan,JH Kallis,1,0,,,,,,,,,
439146,2010,2010-05-19,"Sir Vivian Richards Stadium, North Sound",2,6.2,West Indies,South Africa,RR Sarwan,DJ Bravo,JH Kallis,0,0,,,,,,,,,
439146,2010,2010-05-19,"Sir Vivian Richards Stadium, North Sound",2,6.3,West Indies,South Africa,RR Sarwan,DJ Bravo,JH Kallis,1,0,,,,,,,,,
439146,2010,2010-05-19,"Sir Vivian Richards Stadium, North Sound",2,6.4,West Indies,South Africa,DJ Bravo,RR Sarwan,JH Kallis,1,0,,,,,,,,,
439146,2010,2010-05-19,"Sir Vivian Richards Stadium, North Sound",2,6.5,West Indies,South Africa,RR Sarwan,DJ Bravo,JH Kallis,0,0,,,,,,,,,
439146,2010,2010-05-19,"Sir Vivian Richards Stadium, North Sound",2,6.6,West Indies,South Africa,RR Sarwan,DJ Bravo,JH Kallis,1,0,,,,,,,,,
439146,2010,2010-05-19,"Sir Vivian Richards Stadium, North Sound",2,7.1,West Indies,South Africa,RR Sarwan,DJ Bravo,J Botha,1,0,,,,,,,,,
439146,2010,2010-05-19,"Sir Vivian Richards Stadium, North Sound",2,7.2,West Indies,South Africa,DJ Bravo,RR Sarwan,J Botha,0,0,,,,,,,,,
439146,2010,2010-05-19,"Sir Vivian Richards Stadium, North Sound",2,7.3,West Indies,South Africa,DJ Bravo,RR Sarwan,J Botha,0,0,,,,,,,,,
439146,2010,2010-05-19,"Sir Vivian Richards Stadium, North Sound",2,7.4,West Indies,South Africa,DJ Bravo,RR Sarwan,J Botha,1,0,,,,,,,,,
439146,2010,2010-05-19,"Sir Vivian Richards Stadium, North Sound",2,7.5,West Indies,South Africa,RR Sarwan,DJ Bravo,J Botha,1,0,,,,,,,,,
439146,2010,2010-05-19,"Sir Vivian Richards Stadium, North Sound",2,7.6,West Indies,South Africa,DJ Bravo,RR Sarwan,J Botha,0,0,,,,,,,,,
439146,2010,2010-05-19,"Sir Vivian Richards Stadium, North Sound",2,8.1,West Indies,South Africa,RR Sarwan,DJ Bravo,JH Kallis,4,0,,,,,,,,,
439146,2010,2010-05-19,"Sir Vivian Richards Stadium, North Sound",2,8.2,West Indies,South Africa,RR Sarwan,DJ Bravo,JH Kallis,0,0,,,,,,,,,
439146,2010,2010-05-19,"Sir Vivian Richards Stadium, North Sound",2,8.3,West Indies,South Africa,RR Sarwan,DJ Bravo,JH Kallis,1,0,,,,,,,,,
439146,2010,2010-05-19,"Sir Vivian Richards Stadium, North Sound",2,8.4,West Indies,South Africa,DJ Bravo,RR Sarwan,JH Kallis,1,0,,,,,,,,,
439146,2010,2010-05-19,"Sir Vivian Richards Stadium, North Sound",2,8.5,West Indies,South Africa,RR Sarwan,DJ Bravo,JH Kallis,1,0,,,,,,,,,
439146,2010,2010-05-19,"Sir Vivian Richards Stadium, North Sound",2,8.6,West Indies,South Africa,DJ Bravo,RR Sarwan,JH Kallis,2,0,,,,,,,,,
439146,2010,2010-05-19,"Sir Vivian Richards Stadium, North Sound",2,9.1,West Indies,South Africa,RR Sarwan,DJ Bravo,J Botha,0,0,,,,,,,,,
439146,2010,2010-05-19,"Sir Vivian Richards Stadium, North Sound",2,9.2,West Indies,South Africa,RR Sarwan,DJ Bravo,J Botha,1,0,,,,,,,,,
439146,2010,2010-05-19,"Sir Vivian Richards Stadium, North Sound",2,9.3,West Indies,South Africa,DJ Bravo,RR Sarwan,J Botha,0,0,,,,,,caught,DJ Bravo,,
439146,2010,2010-05-19,"Sir Vivian Richards Stadium, North Sound",2,9.4,West Indies,South Africa,RR Sarwan,N Deonarine,J Botha,0,0,,,,,,,,,
439146,2010,2010-05-19,"Sir Vivian Richards Stadium, North Sound",2,9.5,West Indies,South Africa,RR Sarwan,N Deonarine,J Botha,1,0,,,,,,,,,
439146,2010,2010-05-19,"Sir Vivian Richards Stadium, North Sound",2,9.6,West Indies,South Africa,N Deonarine,RR Sarwan,J Botha,0,1,1,,,,,stumped,N Deonarine,,
439146,2010,2010-05-19,"Sir Vivian Richards Stadium, North Sound",2,9.7,West Indies,South Africa,KA Pollard,RR Sarwan,J Botha,1,0,,,,,,,,,
439146,2010,2010-05-19,"Sir Vivian Richards Stadium, North Sound",2,10.1,West Indies,South Africa,KA Pollard,RR Sarwan,RE van der Merwe,0,0,,,,,,,,,
439146,2010,2010-05-19,"Sir Vivian Richards Stadium, North Sound",2,10.2,West Indies,South Africa,KA Pollard,RR Sarwan,RE van der Merwe,1,0,,,,,,,,,
439146,2010,2010-05-19,"Sir Vivian Richards Stadium, North Sound",2,10.3,West Indies,South Africa,RR Sarwan,KA Pollard,RE van der Merwe,0,0,,,,,,,,,
439146,2010,2010-05-19,"Sir Vivian Richards Stadium, North Sound",2,10.4,West Indies,South Africa,RR Sarwan,KA Pollard,RE van der Merwe,0,0,,,,,,caught,RR Sarwan,,
439146,2010,2010-05-19,"Sir Vivian Richards Stadium, North Sound",2,10.5,West Indies,South Africa,DJG Sammy,KA Pollard,RE van der Merwe,1,0,,,,,,,,,
439146,2010,2010-05-19,"Sir Vivian Richards Stadium, North Sound",2,10.6,West Indies,South Africa,KA Pollard,DJG Sammy,RE van der Merwe,2,0,,,,,,,,,
439146,2010,2010-05-19,"Sir Vivian Richards Stadium, North Sound",2,11.1,West Indies,South Africa,DJG Sammy,KA Pollard,J Botha,0,0,,,,,,,,,
439146,2010,2010-05-19,"Sir Vivian Richards Stadium, North Sound",2,11.2,West Indies,South Africa,DJG Sammy,KA Pollard,J Botha,1,0,,,,,,,,,
439146,2010,2010-05-19,"Sir Vivian Richards Stadium, North Sound",2,11.3,West Indies,South Africa,KA Pollard,DJG Sammy,J Botha,1,0,,,,,,,,,
439146,2010,2010-05-19,"Sir Vivian Richards Stadium, North Sound",2,11.4,West Indies,South Africa,DJG Sammy,KA Pollard,J Botha,0,0,,,,,,,,,
439146,2010,2010-05-19,"Sir Vivian Richards Stadium, North Sound",2,11.5,West Indies,South Africa,DJG Sammy,KA Pollard,J Botha,0,0,,,,,,,,,
439146,2010,2010-05-19,"Sir Vivian Richards Stadium, North Sound",2,11.6,West Indies,South Africa,DJG Sammy,KA Pollard,J Botha,0,0,,,,,,,,,
439146,2010,2010-05-19,"Sir Vivian Richards Stadium, North Sound",2,12.1,West Indies,South Africa,KA Pollard,DJG Sammy,RE van der Merwe,0,1,,,,1,,,,,
439146,2010,2010-05-19,"Sir Vivian Richards Stadium, North Sound",2,12.2,West Indies,South Africa,DJG Sammy,KA Pollard,RE van der Merwe,0,0,,,,,,,,,
439146,2010,2010-05-19,"Sir Vivian Richards Stadium, North Sound",2,12.3,West Indies,South Africa,DJG Sammy,KA Pollard,RE van der Merwe,0,0,,,,,,,,,
439146,2010,2010-05-19,"Sir Vivian Richards Stadium, North Sound",2,12.4,West Indies,South Africa,DJG Sammy,KA Pollard,RE van der Merwe,0,0,,,,,,,,,
439146,2010,2010-05-19,"Sir Vivian Richards Stadium, North Sound",2,12.5,West Indies,South Africa,DJG Sammy,KA Pollard,RE van der Merwe,0,0,,,,,,,,,
439146,2010,2010-05-19,"Sir Vivian Richards Stadium, North Sound",2,12.6,West Indies,South Africa,DJG Sammy,KA Pollard,RE van der Merwe,1,0,,,,,,,,,
439146,2010,2010-05-19,"Sir Vivian Richards Stadium, North Sound",2,13.1,West Indies,South Africa,DJG Sammy,KA Pollard,J Botha,1,0,,,,,,,,,
439146,2010,2010-05-19,"Sir Vivian Richards Stadium, North Sound",2,13.2,West Indies,South Africa,KA Pollard,DJG Sammy,J Botha,1,0,,,,,,,,,
439146,2010,2010-05-19,"Sir Vivian Richards Stadium, North Sound",2,13.3,West Indies,South Africa,DJG Sammy,KA Pollard,J Botha,1,0,,,,,,,,,
439146,2010,2010-05-19,"Sir Vivian Richards Stadium, North Sound",2,13.4,West Indies,South Africa,KA Pollard,DJG Sammy,J Botha,2,0,,,,,,,,,
439146,2010,2010-05-19,"Sir Vivian Richards Stadium, North Sound",2,13.5,West Indies,South Africa,KA Pollard,DJG Sammy,J Botha,1,0,,,,,,,,,
439146,2010,2010-05-19,"Sir Vivian Richards Stadium, North Sound",2,13.6,West Indies,South Africa,DJG Sammy,KA Pollard,J Botha,4,0,,,,,,,,,
439146,2010,2010-05-19,"Sir Vivian Richards Stadium, North Sound",2,14.1,West Indies,South Africa,KA Pollard,DJG Sammy,CK Langeveldt,0,0,,,,,,,,,
439146,2010,2010-05-19,"Sir Vivian Richards Stadium, North Sound",2,14.2,West Indies,South Africa,KA Pollard,DJG Sammy,CK Langeveldt,0,0,,,,,,,,,
439146,2010,2010-05-19,"Sir Vivian Richards Stadium, North Sound",2,14.3,West Indies,South Africa,KA Pollard,DJG Sammy,CK Langeveldt,4,0,,,,,,,,,
439146,2010,2010-05-19,"Sir Vivian Richards Stadium, North Sound",2,14.4,West Indies,South Africa,KA Pollard,DJG Sammy,CK Langeveldt,2,0,,,,,,,,,
439146,2010,2010-05-19,"Sir Vivian Richards Stadium, North Sound",2,14.5,West Indies,South Africa,KA Pollard,DJG Sammy,CK Langeveldt,4,0,,,,,,,,,
439146,2010,2010-05-19,"Sir Vivian Richards Stadium, North Sound",2,14.6,West Indies,South Africa,KA Pollard,DJG Sammy,CK Langeveldt,2,0,,,,,,,,,
439146,2010,2010-05-19,"Sir Vivian Richards Stadium, North Sound",2,15.1,West Indies,South Africa,DJG Sammy,KA Pollard,R McLaren,0,0,,,,,,,,,
439146,2010,2010-05-19,"Sir Vivian Richards Stadium, North Sound",2,15.2,West Indies,South Africa,DJG Sammy,KA Pollard,R McLaren,1,0,,,,,,,,,
439146,2010,2010-05-19,"Sir Vivian Richards Stadium, North Sound",2,15.3,West Indies,South Africa,KA Pollard,DJG Sammy,R McLaren,6,0,,,,,,,,,
439146,2010,2010-05-19,"Sir Vivian Richards Stadium, North Sound",2,15.4,West Indies,South Africa,KA Pollard,DJG Sammy,R McLaren,0,0,,,,,,bowled,KA Pollard,,
439146,2010,2010-05-19,"Sir Vivian Richards Stadium, North Sound",2,15.5,West Indies,South Africa,NO Miller,DJG Sammy,R McLaren,0,0,,,,,,,,,
439146,2010,2010-05-19,"Sir Vivian Richards Stadium, North Sound",2,15.6,West Indies,South Africa,NO Miller,DJG Sammy,R McLaren,2,0,,,,,,,,,
439146,2010,2010-05-19,"Sir Vivian Richards Stadium, North Sound",2,16.1,West Indies,South Africa,DJG Sammy,NO Miller,DW Steyn,2,0,,,,,,,,,
439146,2010,2010-05-19,"Sir Vivian Richards Stadium, North Sound",2,16.2,West Indies,South Africa,DJG Sammy,NO Miller,DW Steyn,0,1,1,,,,,,,,
439146,2010,2010-05-19,"Sir Vivian Richards Stadium, North Sound",2,16.3,West Indies,South Africa,DJG Sammy,NO Miller,DW Steyn,0,1,1,,,,,,,,
439146,2010,2010-05-19,"Sir Vivian Richards Stadium, North Sound",2,16.4,West Indies,South Africa,DJG Sammy,NO Miller,DW Steyn,0,0,,,,,,,,,
439146,2010,2010-05-19,"Sir Vivian Richards Stadium, North Sound",2,16.5,West Indies,South Africa,DJG Sammy,NO Miller,DW Steyn,0,0,,,,,,,,,
439146,2010,2010-05-19,"Sir Vivian Richards Stadium, North Sound",2,16.6,West Indies,South Africa,DJG Sammy,NO Miller,DW Steyn,0,1,1,,,,,,,,
439146,2010,2010-05-19,"Sir Vivian Richards Stadium, North Sound",2,16.7,West Indies,South Africa,DJG Sammy,NO Miller,DW Steyn,1,0,,,,,,,,,
439146,2010,2010-05-19,"Sir Vivian Richards Stadium, North Sound",2,16.8,West Indies,South Africa,NO Miller,DJG Sammy,DW Steyn,1,0,,,,,,,,,
439146,2010,2010-05-19,"Sir Vivian Richards Stadium, North Sound",2,16.9,West Indies,South Africa,DJG Sammy,NO Miller,DW Steyn,0,0,,,,,,,,,
439146,2010,2010-05-19,"Sir Vivian Richards Stadium, North Sound",2,17.1,West Indies,South Africa,NO Miller,DJG Sammy,CK Langeveldt,0,0,,,,,,,,,
439146,2010,2010-05-19,"Sir Vivian Richards Stadium, North Sound",2,17.2,West Indies,South Africa,NO Miller,DJG Sammy,CK Langeveldt,2,0,,,,,,,,,
439146,2010,2010-05-19,"Sir Vivian Richards Stadium, North Sound",2,17.3,West Indies,South Africa,NO Miller,DJG Sammy,CK Langeveldt,0,0,,,,,,caught,NO Miller,,
439146,2010,2010-05-19,"Sir Vivian Richards Stadium, North Sound",2,17.4,West Indies,South Africa,JE Taylor,DJG Sammy,CK Langeveldt,1,0,,,,,,,,,
439146,2010,2010-05-19,"Sir Vivian Richards Stadium, North Sound",2,17.5,West Indies,South Africa,DJG Sammy,JE Taylor,CK Langeveldt,1,0,,,,,,,,,
439146,2010,2010-05-19,"Sir Vivian Richards Stadium, North Sound",2,17.6,West Indies,South Africa,JE Taylor,DJG Sammy,CK Langeveldt,6,0,,,,,,,,,
439146,2010,2010-05-19,"Sir Vivian Richards Stadium, North Sound",2,18.1,West Indies,South Africa,DJG Sammy,JE Taylor,DW Steyn,0,0,,,,,,,,,
439146,2010,2010-05-19,"Sir Vivian Richards Stadium, North Sound",2,18.2,West Indies,South Africa,DJG Sammy,JE Taylor,DW Steyn,0,1,1,,,,,,,,
439146,2010,2010-05-19,"Sir Vivian Richards Stadium, North Sound",2,18.3,West Indies,South Africa,DJG Sammy,JE Taylor,DW Steyn,0,0,,,,,,,,,
439146,2010,2010-05-19,"Sir Vivian Richards Stadium, North Sound",2,18.4,West Indies,South Africa,DJG Sammy,JE Taylor,DW Steyn,0,1,1,,,,,,,,
439146,2010,2010-05-19,"Sir Vivian Richards Stadium, North Sound",2,18.5,West Indies,South Africa,DJG Sammy,JE Taylor,DW Steyn,0,0,,,,,,,,,
439146,2010,2010-05-19,"Sir Vivian Richards Stadium, North Sound",2,18.6,West Indies,South Africa,DJG Sammy,JE Taylor,DW Steyn,0,1,,1,,,,,,,
439146,2010,2010-05-19,"Sir Vivian Richards Stadium, North Sound",2,18.7,West Indies,South Africa,DJG Sammy,JE Taylor,DW Steyn,0,1,1,,,,,run out,JE Taylor,,
439146,2010,2010-05-19,"Sir Vivian Richards Stadium, North Sound",2,18.8,West Indies,South Africa,DJG Sammy,SJ Benn,DW Steyn,0,1,1,,,,,,,,
439146,2010,2010-05-19,"Sir Vivian Richards Stadium, North Sound",2,18.9,West Indies,South Africa,DJG Sammy,SJ Benn,DW Steyn,1,0,,,,,,,,,
439146,2010,2010-05-19,"Sir Vivian Richards Stadium, North Sound",2,18.1,West Indies,South Africa,SJ Benn,DJG Sammy,DW Steyn,4,0,,,,,,,,,
439146,2010,2010-05-19,"Sir Vivian Richards Stadium, North Sound",2,18.11,West Indies,South Africa,SJ Benn,DJG Sammy,DW Steyn,0,0,,,,,,,,,
439146,2010,2010-05-19,"Sir Vivian Richards Stadium, North Sound",2,19.1,West Indies,South Africa,DJG Sammy,SJ Benn,R McLaren,2,0,,,,,,,,,
439146,2010,2010-05-19,"Sir Vivian Richards Stadium, North Sound",2,19.2,West Indies,South Africa,DJG Sammy,SJ Benn,R McLaren,0,1,1,,,,,stumped,DJG Sammy,,
439146,2010,2010-05-19,"Sir Vivian Richards Stadium, North Sound",2,19.3,West Indies,South Africa,KAJ Roach,SJ Benn,R McLaren,2,0,,,,,,,,,
439146,2010,2010-05-19,"Sir Vivian Richards Stadium, North Sound",2,19.4,West Indies,South Africa,KAJ Roach,SJ Benn,R McLaren,1,0,,,,,,,,,
439146,2010,2010-05-19,"Sir Vivian Richards Stadium, North Sound",2,19.5,West Indies,South Africa,SJ Benn,KAJ Roach,R McLaren,0,0,,,,,,,,,
439146,2010,2010-05-19,"Sir Vivian Richards Stadium, North Sound",2,19.6,West Indies,South Africa,SJ Benn,KAJ Roach,R McLaren,0,0,,,,,,caught,SJ Benn,,
