match_id,season,start_date,venue,innings,ball,batting_team,bowling_team,striker,non_striker,bowler,runs_off_bat,extras,wides,noballs,byes,legbyes,penalty,wicket_type,player_dismissed,other_wicket_type,other_player_dismissed
569238,2012/13,2013-02-12,Seddon Park,1,0.1,New Zealand,England,MJ Guptill,HD Rutherford,JC Tredwell,0,0,,,,,,,,,
569238,2012/13,2013-02-12,Seddon Park,1,0.2,New Zealand,England,MJ Guptill,HD Rutherford,JC Tredwell,1,0,,,,,,,,,
569238,2012/13,2013-02-12,Seddon Park,1,0.3,New Zealand,England,HD Rutherford,MJ Guptill,JC Tredwell,1,0,,,,,,,,,
569238,2012/13,2013-02-12,Seddon Park,1,0.4,New Zealand,England,MJ Guptill,HD Rutherford,JC Tredwell,6,0,,,,,,,,,
569238,2012/13,2013-02-12,Seddon Park,1,0.5,New Zealand,England,MJ Guptill,HD Rutherford,JC Tredwell,1,0,,,,,,,,,
569238,2012/13,2013-02-12,Seddon Park,1,0.6,New Zealand,England,HD Rutherford,MJ Guptill,JC Tredwell,1,0,,,,,,,,,
569238,2012/13,2013-02-12,Seddon Park,1,1.1,New Zealand,England,HD Rutherford,MJ Guptill,SCJ Broad,0,0,,,,,,,,,
569238,2012/13,2013-02-12,Seddon Park,1,1.2,New Zealand,England,HD Rutherford,MJ Guptill,SCJ Broad,1,0,,,,,,,,,
569238,2012/13,2013-02-12,Seddon Park,1,1.3,New Zealand,England,MJ Guptill,HD Rutherford,SCJ Broad,0,0,,,,,,,,,
569238,2012/13,2013-02-12,Seddon Park,1,1.4,New Zealand,England,MJ Guptill,HD Rutherford,SCJ Broad,1,0,,,,,,,,,
569238,2012/13,2013-02-12,Seddon Park,1,1.5,New Zealand,England,HD Rutherford,MJ Guptill,SCJ Broad,2,0,,,,,,,,,
569238,2012/13,2013-02-12,Seddon Park,1,1.6,New Zealand,England,HD Rutherford,MJ Guptill,SCJ Broad,6,0,,,,,,,,,
569238,2012/13,2013-02-12,Seddon Park,1,2.1,New Zealand,England,MJ Guptill,HD Rutherford,ST Finn,0,0,,,,,,,,,
569238,2012/13,2013-02-12,Seddon Park,1,2.2,New Zealand,England,MJ Guptill,HD Rutherford,ST Finn,1,0,,,,,,,,,
569238,2012/13,2013-02-12,Seddon Park,1,2.3,New Zealand,England,HD Rutherford,MJ Guptill,ST Finn,0,0,,,,,,,,,
569238,2012/13,2013-02-12,Seddon Park,1,2.4,New Zealand,England,HD Rutherford,MJ Guptill,ST Finn,1,0,,,,,,,,,
569238,2012/13,2013-02-12,Seddon Park,1,2.5,New Zealand,England,MJ Guptill,HD Rutherford,ST Finn,0,0,,,,,,,,,
569238,2012/13,2013-02-12,Seddon Park,1,2.6,New Zealand,England,MJ Guptill,HD Rutherford,ST Finn,4,0,,,,,,,,,
569238,2012/13,2013-02-12,Seddon Park,1,3.1,New Zealand,England,HD Rutherford,MJ Guptill,SCJ Broad,1,0,,,,,,,,,
569238,2012/13,2013-02-12,Seddon Park,1,3.2,New Zealand,England,MJ Guptill,HD Rutherford,SCJ Broad,1,0,,,,,,,,,
569238,2012/13,2013-02-12,Seddon Park,1,3.3,New Zealand,England,HD Rutherford,MJ Guptill,SCJ Broad,2,0,,,,,,,,,
569238,2012/13,2013-02-12,Seddon Park,1,3.4,New Zealand,England,HD Rutherford,MJ Guptill,SCJ Broad,2,0,,,,,,,,,
569238,2012/13,2013-02-12,Seddon Park,1,3.5,New Zealand,England,HD Rutherford,MJ Guptill,SCJ Broad,1,0,,,,,,,,,
569238,2012/13,2013-02-12,Seddon Park,1,3.6,New Zealand,England,MJ Guptill,HD Rutherford,SCJ Broad,1,0,,,,,,,,,
569238,2012/13,2013-02-12,Seddon Park,1,4.1,New Zealand,England,MJ Guptill,HD Rutherford,ST Finn,0,0,,,,,,,,,
569238,2012/13,2013-02-12,Seddon Park,1,4.2,New Zealand,England,MJ Guptill,HD Rutherford,ST Finn,1,0,,,,,,,,,
569238,2012/13,2013-02-12,Seddon Park,1,4.3,New Zealand,England,HD Rutherford,MJ Guptill,ST Finn,6,0,,,,,,,,,
569238,2012/13,2013-02-12,Seddon Park,1,4.4,New Zealand,England,HD Rutherford,MJ Guptill,ST Finn,1,0,,,,,,,,,
569238,2012/13,2013-02-12,Seddon Park,1,4.5,New Zealand,England,MJ Guptill,HD Rutherford,ST Finn,4,0,,,,,,,,,
569238,2012/13,2013-02-12,Seddon Park,1,4.6,New Zealand,England,MJ Guptill,HD Rutherford,ST Finn,1,0,,,,,,,,,
569238,2012/13,2013-02-12,Seddon Park,1,5.1,New Zealand,England,MJ Guptill,HD Rutherford,JW Dernbach,4,0,,,,,,,,,
569238,2012/13,2013-02-12,Seddon Park,1,5.2,New Zealand,England,MJ Guptill,HD Rutherford,JW Dernbach,1,0,,,,,,,,,
569238,2012/13,2013-02-12,Seddon Park,1,5.3,New Zealand,England,HD Rutherford,MJ Guptill,JW Dernbach,1,0,,,,,,,,,
569238,2012/13,2013-02-12,Seddon Park,1,5.4,New Zealand,England,MJ Guptill,HD Rutherford,JW Dernbach,1,0,,,,,,,,,
569238,2012/13,2013-02-12,Seddon Park,1,5.5,New Zealand,England,HD Rutherford,MJ Guptill,JW Dernbach,0,0,,,,,,,,,
569238,2012/13,2013-02-12,Seddon Park,1,5.6,New Zealand,England,HD Rutherford,MJ Guptill,JW Dernbach,0,0,,,,,,,,,
569238,2012/13,2013-02-12,Seddon Park,1,6.1,New Zealand,England,MJ Guptill,HD Rutherford,LJ Wright,4,0,,,,,,,,,
569238,2012/13,2013-02-12,Seddon Park,1,6.2,New Zealand,England,MJ Guptill,HD Rutherford,LJ Wright,1,0,,,,,,,,,
569238,2012/13,2013-02-12,Seddon Park,1,6.3,New Zealand,England,HD Rutherford,MJ Guptill,LJ Wright,0,0,,,,,,,,,
569238,2012/13,2013-02-12,Seddon Park,1,6.4,New Zealand,England,HD Rutherford,MJ Guptill,LJ Wright,1,0,,,,,,,,,
569238,2012/13,2013-02-12,Seddon Park,1,6.5,New Zealand,England,MJ Guptill,HD Rutherford,LJ Wright,1,0,,,,,,,,,
569238,2012/13,2013-02-12,Seddon Park,1,6.6,New Zealand,England,HD Rutherford,MJ Guptill,LJ Wright,1,0,,,,,,,,,
569238,2012/13,2013-02-12,Seddon Park,1,7.1,New Zealand,England,HD Rutherford,MJ Guptill,SR Patel,0,0,,,,,,,,,
569238,2012/13,2013-02-12,Seddon Park,1,7.2,New Zealand,England,HD Rutherford,MJ Guptill,SR Patel,0,0,,,,,,,,,
569238,2012/13,2013-02-12,Seddon Park,1,7.3,New Zealand,England,HD Rutherford,MJ Guptill,SR Patel,6,0,,,,,,,,,
569238,2012/13,2013-02-12,Seddon Park,1,7.4,New Zealand,England,HD Rutherford,MJ Guptill,SR Patel,1,0,,,,,,,,,
569238,2012/13,2013-02-12,Seddon Park,1,7.5,New Zealand,England,MJ Guptill,HD Rutherford,SR Patel,1,0,,,,,,,,,
569238,2012/13,2013-02-12,Seddon Park,1,7.6,New Zealand,England,HD Rutherford,MJ Guptill,SR Patel,1,0,,,,,,,,,
569238,2012/13,2013-02-12,Seddon Park,1,8.1,New Zealand,England,HD Rutherford,MJ Guptill,LJ Wright,4,0,,,,,,,,,
569238,2012/13,2013-02-12,Seddon Park,1,8.2,New Zealand,England,HD Rutherford,MJ Guptill,LJ Wright,0,0,,,,,,caught,HD Rutherford,,
569238,2012/13,2013-02-12,Seddon Park,1,8.3,New Zealand,England,BB McCullum,MJ Guptill,LJ Wright,0,0,,,,,,,,,
569238,2012/13,2013-02-12,Seddon Park,1,8.4,New Zealand,England,BB McCullum,MJ Guptill,LJ Wright,0,0,,,,,,,,,
569238,2012/13,2013-02-12,Seddon Park,1,8.5,New Zealand,England,BB McCullum,MJ Guptill,LJ Wright,0,0,,,,,,,,,
569238,2012/13,2013-02-12,Seddon Park,1,8.6,New Zealand,England,BB McCullum,MJ Guptill,LJ Wright,0,1,,,,1,,,,,
569238,2012/13,2013-02-12,Seddon Park,1,9.1,New Zealand,England,BB McCullum,MJ Guptill,ST Finn,1,0,,,,,,,,,
569238,2012/13,2013-02-12,Seddon Park,1,9.2,New Zealand,England,MJ Guptill,BB McCullum,ST Finn,6,0,,,,,,,,,
569238,2012/13,2013-02-12,Seddon Park,1,9.3,New Zealand,England,MJ Guptill,BB McCullum,ST Finn,0,0,,,,,,,,,
569238,2012/13,2013-02-12,Seddon Park,1,9.4,New Zealand,England,MJ Guptill,BB McCullum,ST Finn,1,0,,,,,,,,,
569238,2012/13,2013-02-12,Seddon Park,1,9.5,New Zealand,England,BB McCullum,MJ Guptill,ST Finn,0,0,,,,,,,,,
569238,2012/13,2013-02-12,Seddon Park,1,9.6,New Zealand,England,BB McCullum,MJ Guptill,ST Finn,0,0,,,,,,,,,
569238,2012/13,2013-02-12,Seddon Park,1,10.1,New Zealand,England,MJ Guptill,BB McCullum,SR Patel,2,0,,,,,,,,,
569238,2012/13,2013-02-12,Seddon Park,1,10.2,New Zealand,England,MJ Guptill,BB McCullum,SR Patel,1,0,,,,,,,,,
569238,2012/13,2013-02-12,Seddon Park,1,10.3,New Zealand,England,BB McCullum,MJ Guptill,SR Patel,6,0,,,,,,,,,
569238,2012/13,2013-02-12,Seddon Park,1,10.4,New Zealand,England,BB McCullum,MJ Guptill,SR Patel,1,0,,,,,,,,,
569238,2012/13,2013-02-12,Seddon Park,1,10.5,New Zealand,England,MJ Guptill,BB McCullum,SR Patel,1,0,,,,,,,,,
569238,2012/13,2013-02-12,Seddon Park,1,10.6,New Zealand,England,BB McCullum,MJ Guptill,SR Patel,0,0,,,,,,,,,
569238,2012/13,2013-02-12,Seddon Park,1,11.1,New Zealand,England,MJ Guptill,BB McCullum,JC Tredwell,1,0,,,,,,,,,
569238,2012/13,2013-02-12,Seddon Park,1,11.2,New Zealand,England,BB McCullum,MJ Guptill,JC Tredwell,0,0,,,,,,,,,
569238,2012/13,2013-02-12,Seddon Park,1,11.3,New Zealand,England,BB McCullum,MJ Guptill,JC Tredwell,6,0,,,,,,,,,
569238,2012/13,2013-02-12,Seddon Park,1,11.4,New Zealand,England,BB McCullum,MJ Guptill,JC Tredwell,3,0,,,,,,,,,
569238,2012/13,2013-02-12,Seddon Park,1,11.5,New Zealand,England,MJ Guptill,BB McCullum,JC Tredwell,0,0,,,,,,caught,MJ Guptill,,
569238,2012/13,2013-02-12,Seddon Park,1,11.6,New Zealand,England,LRPL Taylor,BB McCullum,JC Tredwell,0,0,,,,,,,,,
569238,2012/13,2013-02-12,Seddon Park,1,12.1,New Zealand,England,BB McCullum,LRPL Taylor,LJ Wright,1,0,,,,,,,,,
569238,2012/13,2013-02-12,Seddon Park,1,12.2,New Zealand,England,LRPL Taylor,BB McCullum,LJ Wright,1,0,,,,,,,,,
569238,2012/13,2013-02-12,Seddon Park,1,12.3,New Zealand,England,BB McCullum,LRPL Taylor,LJ Wright,1,0,,,,,,,,,
569238,2012/13,2013-02-12,Seddon Park,1,12.4,New Zealand,England,LRPL Taylor,BB McCullum,LJ Wright,1,0,,,,,,,,,
569238,2012/13,2013-02-12,Seddon Park,1,12.5,New Zealand,England,BB McCullum,LRPL Taylor,LJ Wright,1,0,,,,,,,,,
569238,2012/13,2013-02-12,Seddon Park,1,12.6,New Zealand,England,LRPL Taylor,BB McCullum,LJ Wright,1,0,,,,,,,,,
569238,2012/13,2013-02-12,Seddon Park,1,13.1,New Zealand,England,LRPL Taylor,BB McCullum,SCJ Broad,1,0,,,,,,,,,
569238,2012/13,2013-02-12,Seddon Park,1,13.2,New Zealand,England,BB McCullum,LRPL Taylor,SCJ Broad,0,0,,,,,,,,,
569238,2012/13,2013-02-12,Seddon Park,1,13.3,New Zealand,England,BB McCullum,LRPL Taylor,SCJ Broad,0,0,,,,,,,,,
569238,2012/13,2013-02-12,Seddon Park,1,13.4,New Zealand,England,BB McCullum,LRPL Taylor,SCJ Broad,4,0,,,,,,,,,
569238,2012/13,2013-02-12,Seddon Park,1,13.5,New Zealand,England,BB McCullum,LRPL Taylor,SCJ Broad,4,0,,,,,,,,,
569238,2012/13,2013-02-12,Seddon Park,1,13.6,New Zealand,England,BB McCullum,LRPL Taylor,SCJ Broad,4,0,,,,,,,,,
569238,2012/13,2013-02-12,Seddon Park,1,14.1,New Zealand,England,LRPL Taylor,BB McCullum,LJ Wright,0,0,,,,,,caught,LRPL Taylor,,
569238,2012/13,2013-02-12,Seddon Park,1,14.2,New Zealand,England,BB McCullum,C Munro,LJ Wright,1,0,,,,,,,,,
569238,2012/13,2013-02-12,Seddon Park,1,14.3,New Zealand,England,C Munro,BB McCullum,LJ Wright,0,0,,,,,,,,,
569238,2012/13,2013-02-12,Seddon Park,1,14.4,New Zealand,England,C Munro,BB McCullum,LJ Wright,0,0,,,,,,,,,
569238,2012/13,2013-02-12,Seddon Park,1,14.5,New Zealand,England,C Munro,BB McCullum,LJ Wright,1,0,,,,,,,,,
569238,2012/13,2013-02-12,Seddon Park,1,14.6,New Zealand,England,BB McCullum,C Munro,LJ Wright,4,0,,,,,,,,,
569238,2012/13,2013-02-12,Seddon Park,1,15.1,New Zealand,England,C Munro,BB McCullum,JW Dernbach,0,1,1,,,,,,,,
569238,2012/13,2013-02-12,Seddon Park,1,15.2,New Zealand,England,C Munro,BB McCullum,JW Dernbach,0,0,,,,,,,,,
569238,2012/13,2013-02-12,Seddon Park,1,15.3,New Zealand,England,C Munro,BB McCullum,JW Dernbach,0,1,,,,1,,,,,
569238,2012/13,2013-02-12,Seddon Park,1,15.4,New Zealand,England,BB McCullum,C Munro,JW Dernbach,1,0,,,,,,,,,
569238,2012/13,2013-02-12,Seddon Park,1,15.5,New Zealand,England,C Munro,BB McCullum,JW Dernbach,2,0,,,,,,,,,
569238,2012/13,2013-02-12,Seddon Park,1,15.6,New Zealand,England,C Munro,BB McCullum,JW Dernbach,4,0,,,,,,,,,
569238,2012/13,2013-02-12,Seddon Park,1,15.7,New Zealand,England,C Munro,BB McCullum,JW Dernbach,0,0,,,,,,caught,C Munro,,
569238,2012/13,2013-02-12,Seddon Park,1,16.1,New Zealand,England,GD Elliott,BB McCullum,ST Finn,2,0,,,,,,,,,
569238,2012/13,2013-02-12,Seddon Park,1,16.2,New Zealand,England,GD Elliott,BB McCullum,ST Finn,0,1,,,,1,,,,,
569238,2012/13,2013-02-12,Seddon Park,1,16.3,New Zealand,England,BB McCullum,GD Elliott,ST Finn,1,0,,,,,,,,,
569238,2012/13,2013-02-12,Seddon Park,1,16.4,New Zealand,England,GD Elliott,BB McCullum,ST Finn,1,0,,,,,,,,,
569238,2012/13,2013-02-12,Seddon Park,1,16.5,New Zealand,England,BB McCullum,GD Elliott,ST Finn,2,0,,,,,,,,,
569238,2012/13,2013-02-12,Seddon Park,1,16.6,New Zealand,England,BB McCullum,GD Elliott,ST Finn,0,0,,,,,,,,,
569238,2012/13,2013-02-12,Seddon Park,1,17.1,New Zealand,England,GD Elliott,BB McCullum,JW Dernbach,1,0,,,,,,,,,
569238,2012/13,2013-02-12,Seddon Park,1,17.2,New Zealand,England,BB McCullum,GD Elliott,JW Dernbach,2,0,,,,,,,,,
569238,2012/13,2013-02-12,Seddon Park,1,17.3,New Zealand,England,BB McCullum,GD Elliott,JW Dernbach,4,0,,,,,,,,,
569238,2012/13,2013-02-12,Seddon Park,1,17.4,New Zealand,England,BB McCullum,GD Elliott,JW Dernbach,1,0,,,,,,,,,
569238,2012/13,2013-02-12,Seddon Park,1,17.5,New Zealand,England,GD Elliott,BB McCullum,JW Dernbach,0,0,,,,,,,,,
569238,2012/13,2013-02-12,Seddon Park,1,17.6,New Zealand,England,GD Elliott,BB McCullum,JW Dernbach,0,0,,,,,,bowled,GD Elliott,,
569238,2012/13,2013-02-12,Seddon Park,1,18.1,New Zealand,England,BB McCullum,JEC Franklin,SCJ Broad,1,0,,,,,,,,,
569238,2012/13,2013-02-12,Seddon Park,1,18.2,New Zealand,England,JEC Franklin,BB McCullum,SCJ Broad,1,0,,,,,,,,,
569238,2012/13,2013-02-12,Seddon Park,1,18.3,New Zealand,England,BB McCullum,JEC Franklin,SCJ Broad,6,0,,,,,,,,,
569238,2012/13,2013-02-12,Seddon Park,1,18.4,New Zealand,England,BB McCullum,JEC Franklin,SCJ Broad,6,0,,,,,,,,,
569238,2012/13,2013-02-12,Seddon Park,1,18.5,New Zealand,England,BB McCullum,JEC Franklin,SCJ Broad,2,0,,,,,,,,,
569238,2012/13,2013-02-12,Seddon Park,1,18.6,New Zealand,England,BB McCullum,JEC Franklin,SCJ Broad,6,0,,,,,,,,,
569238,2012/13,2013-02-12,Seddon Park,1,19.1,New Zealand,England,JEC Franklin,BB McCullum,JW Dernbach,1,0,,,,,,,,,
569238,2012/13,2013-02-12,Seddon Park,1,19.2,New Zealand,England,BB McCullum,JEC Franklin,JW Dernbach,1,0,,,,,,,,,
569238,2012/13,2013-02-12,Seddon Park,1,19.3,New Zealand,England,JEC Franklin,BB McCullum,JW Dernbach,0,1,,,1,,,,,,
569238,2012/13,2013-02-12,Seddon Park,1,19.4,New Zealand,England,BB McCullum,JEC Franklin,JW Dernbach,4,0,,,,,,,,,
569238,2012/13,2013-02-12,Seddon Park,1,19.5,New Zealand,England,BB McCullum,JEC Franklin,JW Dernbach,0,5,5,,,,,,,,
569238,2012/13,2013-02-12,Seddon Park,1,19.6,New Zealand,England,BB McCullum,JEC Franklin,JW Dernbach,0,0,,,,,,caught,BB McCullum,,
569238,2012/13,2013-02-12,Seddon Park,1,19.7,New Zealand,England,JEC Franklin,NL McCullum,JW Dernbach,4,0,,,,,,,,,
569238,2012/13,2013-02-12,Seddon Park,2,0.1,England,New Zealand,MJ Lumb,AD Hales,TA Boult,0,0,,,,,,,,,
569238,2012/13,2013-02-12,Seddon Park,2,0.2,England,New Zealand,MJ Lumb,AD Hales,TA Boult,0,1,1,,,,,,,,
569238,2012/13,2013-02-12,Seddon Park,2,0.3,England,New Zealand,MJ Lumb,AD Hales,TA Boult,2,0,,,,,,,,,
569238,2012/13,2013-02-12,Seddon Park,2,0.4,England,New Zealand,MJ Lumb,AD Hales,TA Boult,0,0,,,,,,,,,
569238,2012/13,2013-02-12,Seddon Park,2,0.5,England,New Zealand,MJ Lumb,AD Hales,TA Boult,0,0,,,,,,,,,
569238,2012/13,2013-02-12,Seddon Park,2,0.6,England,New Zealand,MJ Lumb,AD Hales,TA Boult,1,0,,,,,,,,,
569238,2012/13,2013-02-12,Seddon Park,2,0.7,England,New Zealand,AD Hales,MJ Lumb,TA Boult,1,0,,,,,,,,,
569238,2012/13,2013-02-12,Seddon Park,2,1.1,England,New Zealand,AD Hales,MJ Lumb,MJ McClenaghan,0,0,,,,,,,,,
569238,2012/13,2013-02-12,Seddon Park,2,1.2,England,New Zealand,AD Hales,MJ Lumb,MJ McClenaghan,4,0,,,,,,,,,
569238,2012/13,2013-02-12,Seddon Park,2,1.3,England,New Zealand,AD Hales,MJ Lumb,MJ McClenaghan,0,0,,,,,,bowled,AD Hales,,
569238,2012/13,2013-02-12,Seddon Park,2,1.4,England,New Zealand,LJ Wright,MJ Lumb,MJ McClenaghan,0,0,,,,,,caught,LJ Wright,,
569238,2012/13,2013-02-12,Seddon Park,2,1.5,England,New Zealand,JM Bairstow,MJ Lumb,MJ McClenaghan,0,0,,,,,,,,,
569238,2012/13,2013-02-12,Seddon Park,2,1.6,England,New Zealand,JM Bairstow,MJ Lumb,MJ McClenaghan,0,0,,,,,,,,,
569238,2012/13,2013-02-12,Seddon Park,2,2.1,England,New Zealand,MJ Lumb,JM Bairstow,TA Boult,0,0,,,,,,,,,
569238,2012/13,2013-02-12,Seddon Park,2,2.2,England,New Zealand,MJ Lumb,JM Bairstow,TA Boult,0,0,,,,,,,,,
569238,2012/13,2013-02-12,Seddon Park,2,2.3,England,New Zealand,MJ Lumb,JM Bairstow,TA Boult,0,0,,,,,,,,,
569238,2012/13,2013-02-12,Seddon Park,2,2.4,England,New Zealand,MJ Lumb,JM Bairstow,TA Boult,1,0,,,,,,,,,
569238,2012/13,2013-02-12,Seddon Park,2,2.5,England,New Zealand,JM Bairstow,MJ Lumb,TA Boult,4,0,,,,,,,,,
569238,2012/13,2013-02-12,Seddon Park,2,2.6,England,New Zealand,JM Bairstow,MJ Lumb,TA Boult,4,0,,,,,,,,,
569238,2012/13,2013-02-12,Seddon Park,2,3.1,England,New Zealand,MJ Lumb,JM Bairstow,MJ McClenaghan,4,0,,,,,,,,,
569238,2012/13,2013-02-12,Seddon Park,2,3.2,England,New Zealand,MJ Lumb,JM Bairstow,MJ McClenaghan,0,0,,,,,,,,,
569238,2012/13,2013-02-12,Seddon Park,2,3.3,England,New Zealand,MJ Lumb,JM Bairstow,MJ McClenaghan,0,1,,,,1,,,,,
569238,2012/13,2013-02-12,Seddon Park,2,3.4,England,New Zealand,JM Bairstow,MJ Lumb,MJ McClenaghan,0,0,,,,,,,,,
569238,2012/13,2013-02-12,Seddon Park,2,3.5,England,New Zealand,JM Bairstow,MJ Lumb,MJ McClenaghan,0,0,,,,,,,,,
569238,2012/13,2013-02-12,Seddon Park,2,3.6,England,New Zealand,JM Bairstow,MJ Lumb,MJ McClenaghan,0,0,,,,,,,,,
569238,2012/13,2013-02-12,Seddon Park,2,4.1,England,New Zealand,MJ Lumb,JM Bairstow,IG Butler,1,0,,,,,,,,,
569238,2012/13,2013-02-12,Seddon Park,2,4.2,England,New Zealand,JM Bairstow,MJ Lumb,IG Butler,0,0,,,,,,,,,
569238,2012/13,2013-02-12,Seddon Park,2,4.3,England,New Zealand,JM Bairstow,MJ Lumb,IG Butler,0,0,,,,,,caught,JM Bairstow,,
569238,2012/13,2013-02-12,Seddon Park,2,4.4,England,New Zealand,MJ Lumb,EJG Morgan,IG Butler,0,0,,,,,,,,,
569238,2012/13,2013-02-12,Seddon Park,2,4.5,England,New Zealand,MJ Lumb,EJG Morgan,IG Butler,1,0,,,,,,,,,
569238,2012/13,2013-02-12,Seddon Park,2,4.6,England,New Zealand,EJG Morgan,MJ Lumb,IG Butler,0,0,,,,,,,,,
569238,2012/13,2013-02-12,Seddon Park,2,5.1,England,New Zealand,MJ Lumb,EJG Morgan,MJ McClenaghan,0,0,,,,,,,,,
569238,2012/13,2013-02-12,Seddon Park,2,5.2,England,New Zealand,MJ Lumb,EJG Morgan,MJ McClenaghan,4,0,,,,,,,,,
569238,2012/13,2013-02-12,Seddon Park,2,5.3,England,New Zealand,MJ Lumb,EJG Morgan,MJ McClenaghan,0,0,,,,,,,,,
569238,2012/13,2013-02-12,Seddon Park,2,5.4,England,New Zealand,MJ Lumb,EJG Morgan,MJ McClenaghan,1,0,,,,,,,,,
569238,2012/13,2013-02-12,Seddon Park,2,5.5,England,New Zealand,EJG Morgan,MJ Lumb,MJ McClenaghan,1,0,,,,,,,,,
569238,2012/13,2013-02-12,Seddon Park,2,5.6,England,New Zealand,MJ Lumb,EJG Morgan,MJ McClenaghan,0,0,,,,,,,,,
569238,2012/13,2013-02-12,Seddon Park,2,6.1,England,New Zealand,EJG Morgan,MJ Lumb,IG Butler,4,0,,,,,,,,,
569238,2012/13,2013-02-12,Seddon Park,2,6.2,England,New Zealand,EJG Morgan,MJ Lumb,IG Butler,0,0,,,,,,,,,
569238,2012/13,2013-02-12,Seddon Park,2,6.3,England,New Zealand,EJG Morgan,MJ Lumb,IG Butler,0,0,,,,,,,,,
569238,2012/13,2013-02-12,Seddon Park,2,6.4,England,New Zealand,EJG Morgan,MJ Lumb,IG Butler,0,0,,,,,,,,,
569238,2012/13,2013-02-12,Seddon Park,2,6.5,England,New Zealand,EJG Morgan,MJ Lumb,IG Butler,0,0,,,,,,,,,
569238,2012/13,2013-02-12,Seddon Park,2,6.6,England,New Zealand,EJG Morgan,MJ Lumb,IG Butler,0,0,,,,,,,,,
569238,2012/13,2013-02-12,Seddon Park,2,7.1,England,New Zealand,MJ Lumb,EJG Morgan,NL McCullum,1,0,,,,,,,,,
569238,2012/13,2013-02-12,Seddon Park,2,7.2,England,New Zealand,EJG Morgan,MJ Lumb,NL McCullum,0,0,,,,,,,,,
569238,2012/13,2013-02-12,Seddon Park,2,7.3,England,New Zealand,EJG Morgan,MJ Lumb,NL McCullum,0,0,,,,,,,,,
569238,2012/13,2013-02-12,Seddon Park,2,7.4,England,New Zealand,EJG Morgan,MJ Lumb,NL McCullum,4,0,,,,,,,,,
569238,2012/13,2013-02-12,Seddon Park,2,7.5,England,New Zealand,EJG Morgan,MJ Lumb,NL McCullum,0,0,,,,,,,,,
569238,2012/13,2013-02-12,Seddon Park,2,7.6,England,New Zealand,EJG Morgan,MJ Lumb,NL McCullum,1,0,,,,,,,,,
569238,2012/13,2013-02-12,Seddon Park,2,8.1,England,New Zealand,EJG Morgan,MJ Lumb,IG Butler,0,0,,,,,,,,,
569238,2012/13,2013-02-12,Seddon Park,2,8.2,England,New Zealand,EJG Morgan,MJ Lumb,IG Butler,0,0,,,,,,,,,
569238,2012/13,2013-02-12,Seddon Park,2,8.3,England,New Zealand,EJG Morgan,MJ Lumb,IG Butler,0,0,,,,,,,,,
569238,2012/13,2013-02-12,Seddon Park,2,8.4,England,New Zealand,EJG Morgan,MJ Lumb,IG Butler,0,0,,,,,,,,,
569238,2012/13,2013-02-12,Seddon Park,2,8.5,England,New Zealand,EJG Morgan,MJ Lumb,IG Butler,1,0,,,,,,,,,
569238,2012/13,2013-02-12,Seddon Park,2,8.6,England,New Zealand,MJ Lumb,EJG Morgan,IG Butler,1,0,,,,,,,,,
569238,2012/13,2013-02-12,Seddon Park,2,9.1,England,New Zealand,MJ Lumb,EJG Morgan,NL McCullum,0,0,,,,,,bowled,MJ Lumb,,
569238,2012/13,2013-02-12,Seddon Park,2,9.2,England,New Zealand,JC Buttler,EJG Morgan,NL McCullum,1,0,,,,,,,,,
569238,2012/13,2013-02-12,Seddon Park,2,9.3,England,New Zealand,EJG Morgan,JC Buttler,NL McCullum,1,0,,,,,,,,,
569238,2012/13,2013-02-12,Seddon Park,2,9.4,England,New Zealand,JC Buttler,EJG Morgan,NL McCullum,1,0,,,,,,,,,
569238,2012/13,2013-02-12,Seddon Park,2,9.5,England,New Zealand,EJG Morgan,JC Buttler,NL McCullum,0,0,,,,,,,,,
569238,2012/13,2013-02-12,Seddon Park,2,9.6,England,New Zealand,EJG Morgan,JC Buttler,NL McCullum,1,0,,,,,,,,,
569238,2012/13,2013-02-12,Seddon Park,2,10.1,England,New Zealand,EJG Morgan,JC Buttler,IG Butler,0,0,,,,,,caught,EJG Morgan,,
569238,2012/13,2013-02-12,Seddon Park,2,10.2,England,New Zealand,JC Buttler,SR Patel,IG Butler,1,0,,,,,,,,,
569238,2012/13,2013-02-12,Seddon Park,2,10.3,England,New Zealand,SR Patel,JC Buttler,IG Butler,0,0,,,,,,,,,
569238,2012/13,2013-02-12,Seddon Park,2,10.4,England,New Zealand,SR Patel,JC Buttler,IG Butler,0,1,,,,1,,,,,
569238,2012/13,2013-02-12,Seddon Park,2,10.5,England,New Zealand,JC Buttler,SR Patel,IG Butler,0,0,,,,,,,,,
569238,2012/13,2013-02-12,Seddon Park,2,10.6,England,New Zealand,JC Buttler,SR Patel,IG Butler,0,1,,,,1,,,,,
569238,2012/13,2013-02-12,Seddon Park,2,11.1,England,New Zealand,JC Buttler,SR Patel,MJ McClenaghan,0,0,,,,,,,,,
569238,2012/13,2013-02-12,Seddon Park,2,11.2,England,New Zealand,JC Buttler,SR Patel,MJ McClenaghan,1,0,,,,,,,,,
569238,2012/13,2013-02-12,Seddon Park,2,11.3,England,New Zealand,SR Patel,JC Buttler,MJ McClenaghan,0,0,,,,,,,,,
569238,2012/13,2013-02-12,Seddon Park,2,11.4,England,New Zealand,SR Patel,JC Buttler,MJ McClenaghan,4,0,,,,,,,,,
569238,2012/13,2013-02-12,Seddon Park,2,11.5,England,New Zealand,SR Patel,JC Buttler,MJ McClenaghan,1,0,,,,,,,,,
569238,2012/13,2013-02-12,Seddon Park,2,11.6,England,New Zealand,JC Buttler,SR Patel,MJ McClenaghan,4,0,,,,,,,,,
569238,2012/13,2013-02-12,Seddon Park,2,12.1,England,New Zealand,SR Patel,JC Buttler,JEC Franklin,1,0,,,,,,,,,
569238,2012/13,2013-02-12,Seddon Park,2,12.2,England,New Zealand,JC Buttler,SR Patel,JEC Franklin,0,0,,,,,,,,,
569238,2012/13,2013-02-12,Seddon Park,2,12.3,England,New Zealand,JC Buttler,SR Patel,JEC Franklin,1,0,,,,,,,,,
569238,2012/13,2013-02-12,Seddon Park,2,12.4,England,New Zealand,SR Patel,JC Buttler,JEC Franklin,0,0,,,,,,run out,SR Patel,,
569238,2012/13,2013-02-12,Seddon Park,2,12.5,England,New Zealand,JC Buttler,SCJ Broad,JEC Franklin,0,0,,,,,,,,,
569238,2012/13,2013-02-12,Seddon Park,2,12.6,England,New Zealand,JC Buttler,SCJ Broad,JEC Franklin,1,0,,,,,,,,,
569238,2012/13,2013-02-12,Seddon Park,2,13.1,England,New Zealand,JC Buttler,SCJ Broad,NL McCullum,0,1,1,,,,,,,,
569238,2012/13,2013-02-12,Seddon Park,2,13.2,England,New Zealand,JC Buttler,SCJ Broad,NL McCullum,4,0,,,,,,,,,
569238,2012/13,2013-02-12,Seddon Park,2,13.3,England,New Zealand,JC Buttler,SCJ Broad,NL McCullum,4,0,,,,,,,,,
569238,2012/13,2013-02-12,Seddon Park,2,13.4,England,New Zealand,JC Buttler,SCJ Broad,NL McCullum,1,0,,,,,,,,,
569238,2012/13,2013-02-12,Seddon Park,2,13.5,England,New Zealand,SCJ Broad,JC Buttler,NL McCullum,1,0,,,,,,,,,
569238,2012/13,2013-02-12,Seddon Park,2,13.6,England,New Zealand,JC Buttler,SCJ Broad,NL McCullum,4,0,,,,,,,,,
569238,2012/13,2013-02-12,Seddon Park,2,13.7,England,New Zealand,JC Buttler,SCJ Broad,NL McCullum,1,0,,,,,,,,,
569238,2012/13,2013-02-12,Seddon Park,2,14.1,England,New Zealand,JC Buttler,SCJ Broad,JEC Franklin,0,0,,,,,,,,,
569238,2012/13,2013-02-12,Seddon Park,2,14.2,England,New Zealand,JC Buttler,SCJ Broad,JEC Franklin,1,0,,,,,,,,,
569238,2012/13,2013-02-12,Seddon Park,2,14.3,England,New Zealand,SCJ Broad,JC Buttler,JEC Franklin,0,0,,,,,,,,,
569238,2012/13,2013-02-12,Seddon Park,2,14.4,England,New Zealand,SCJ Broad,JC Buttler,JEC Franklin,0,0,,,,,,caught,SCJ Broad,,
569238,2012/13,2013-02-12,Seddon Park,2,14.5,England,New Zealand,JC Buttler,JC Tredwell,JEC Franklin,0,0,,,,,,,,,
569238,2012/13,2013-02-12,Seddon Park,2,14.6,England,New Zealand,JC Buttler,JC Tredwell,JEC Franklin,1,0,,,,,,,,,
569238,2012/13,2013-02-12,Seddon Park,2,15.1,England,New Zealand,JC Buttler,JC Tredwell,GD Elliott,4,0,,,,,,,,,
569238,2012/13,2013-02-12,Seddon Park,2,15.2,England,New Zealand,JC Buttler,JC Tredwell,GD Elliott,4,0,,,,,,,,,
569238,2012/13,2013-02-12,Seddon Park,2,15.3,England,New Zealand,JC Buttler,JC Tredwell,GD Elliott,1,0,,,,,,,,,
569238,2012/13,2013-02-12,Seddon Park,2,15.4,England,New Zealand,JC Tredwell,JC Buttler,GD Elliott,1,0,,,,,,,,,
569238,2012/13,2013-02-12,Seddon Park,2,15.5,England,New Zealand,JC Buttler,JC Tredwell,GD Elliott,4,0,,,,,,,,,
569238,2012/13,2013-02-12,Seddon Park,2,15.6,England,New Zealand,JC Buttler,JC Tredwell,GD Elliott,6,0,,,,,,,,,
569238,2012/13,2013-02-12,Seddon Park,2,16.1,England,New Zealand,JC Tredwell,JC Buttler,TA Boult,1,0,,,,,,,,,
569238,2012/13,2013-02-12,Seddon Park,2,16.2,England,New Zealand,JC Buttler,JC Tredwell,TA Boult,4,0,,,,,,,,,
569238,2012/13,2013-02-12,Seddon Park,2,16.3,England,New Zealand,JC Buttler,JC Tredwell,TA Boult,4,0,,,,,,,,,
569238,2012/13,2013-02-12,Seddon Park,2,16.4,England,New Zealand,JC Buttler,JC Tredwell,TA Boult,1,0,,,,,,,,,
569238,2012/13,2013-02-12,Seddon Park,2,16.5,England,New Zealand,JC Tredwell,JC Buttler,TA Boult,0,0,,,,,,,,,
569238,2012/13,2013-02-12,Seddon Park,2,16.6,England,New Zealand,JC Tredwell,JC Buttler,TA Boult,4,0,,,,,,,,,
569238,2012/13,2013-02-12,Seddon Park,2,17.1,England,New Zealand,JC Buttler,JC Tredwell,JEC Franklin,0,0,,,,,,caught,JC Buttler,,
569238,2012/13,2013-02-12,Seddon Park,2,17.2,England,New Zealand,ST Finn,JC Tredwell,JEC Franklin,1,0,,,,,,,,,
569238,2012/13,2013-02-12,Seddon Park,2,17.3,England,New Zealand,JC Tredwell,ST Finn,JEC Franklin,6,0,,,,,,,,,
569238,2012/13,2013-02-12,Seddon Park,2,17.4,England,New Zealand,JC Tredwell,ST Finn,JEC Franklin,1,0,,,,,,,,,
569238,2012/13,2013-02-12,Seddon Park,2,17.5,England,New Zealand,ST Finn,JC Tredwell,JEC Franklin,0,0,,,,,,,,,
569238,2012/13,2013-02-12,Seddon Park,2,17.6,England,New Zealand,ST Finn,JC Tredwell,JEC Franklin,1,0,,,,,,,,,
569238,2012/13,2013-02-12,Seddon Park,2,18.1,England,New Zealand,ST Finn,JC Tredwell,TA Boult,1,0,,,,,,,,,
569238,2012/13,2013-02-12,Seddon Park,2,18.2,England,New Zealand,JC Tredwell,ST Finn,TA Boult,4,0,,,,,,,,,
569238,2012/13,2013-02-12,Seddon Park,2,18.3,England,New Zealand,JC Tredwell,ST Finn,TA Boult,0,1,1,,,,,,,,
569238,2012/13,2013-02-12,Seddon Park,2,18.4,England,New Zealand,JC Tredwell,ST Finn,TA Boult,1,0,,,,,,,,,
569238,2012/13,2013-02-12,Seddon Park,2,18.5,England,New Zealand,ST Finn,JC Tredwell,TA Boult,1,0,,,,,,,,,
569238,2012/13,2013-02-12,Seddon Park,2,18.6,England,New Zealand,JC Tredwell,ST Finn,TA Boult,4,0,,,,,,,,,
569238,2012/13,2013-02-12,Seddon Park,2,18.7,England,New Zealand,JC Tredwell,ST Finn,TA Boult,0,0,,,,,,,,,
569238,2012/13,2013-02-12,Seddon Park,2,19.1,England,New Zealand,ST Finn,JC Tredwell,JEC Franklin,1,0,,,,,,,,,
569238,2012/13,2013-02-12,Seddon Park,2,19.2,England,New Zealand,JC Tredwell,ST Finn,JEC Franklin,0,0,,,,,,bowled,JC Tredwell,,
569238,2012/13,2013-02-12,Seddon Park,2,19.3,England,New Zealand,JW Dernbach,ST Finn,JEC Franklin,0,0,,,,,,caught,JW Dernbach,,
