match_id,season,start_date,venue,innings,ball,batting_team,bowling_team,striker,non_striker,bowler,runs_off_bat,extras,wides,noballs,byes,legbyes,penalty,wicket_type,player_dismissed,other_wicket_type,other_player_dismissed
589307,2012/13,2012-12-28,"Sardar Patel Stadium, Motera",1,0.1,India,Pakistan,G Gambhir,AM Rahane,Mohammad Irfan,1,0,,,,,,,,,
589307,2012/13,2012-12-28,"Sardar Patel Stadium, Motera",1,0.2,India,Pakistan,AM Rahane,G Gambhir,Mohammad Irfan,0,0,,,,,,,,,
589307,2012/13,2012-12-28,"Sardar Patel Stadium, Motera",1,0.3,India,Pakistan,AM Rahane,G Gambhir,Mohammad Irfan,4,0,,,,,,,,,
589307,2012/13,2012-12-28,"Sardar Patel Stadium, Motera",1,0.4,India,Pakistan,AM Rahane,G Gambhir,Mohammad Irfan,0,0,,,,,,,,,
589307,2012/13,2012-12-28,"Sardar Patel Stadium, Motera",1,0.5,India,Pakistan,AM Rahane,G Gambhir,Mohammad Irfan,1,0,,,,,,,,,
589307,2012/13,2012-12-28,"Sardar Patel Stadium, Motera",1,0.6,India,Pakistan,G Gambhir,AM Rahane,Mohammad Irfan,1,0,,,,,,,,,
589307,2012/13,2012-12-28,"Sardar Patel Stadium, Motera",1,1.1,India,Pakistan,G Gambhir,AM Rahane,Sohail Tanvir,4,0,,,,,,,,,
589307,2012/13,2012-12-28,"Sardar Patel Stadium, Motera",1,1.2,India,Pakistan,G Gambhir,AM Rahane,Sohail Tanvir,1,0,,,,,,,,,
589307,2012/13,2012-12-28,"Sardar Patel Stadium, Motera",1,1.3,India,Pakistan,AM Rahane,G Gambhir,Sohail Tanvir,4,0,,,,,,,,,
589307,2012/13,2012-12-28,"Sardar Patel Stadium, Motera",1,1.4,India,Pakistan,AM Rahane,G Gambhir,Sohail Tanvir,0,0,,,,,,,,,
589307,2012/13,2012-12-28,"Sardar Patel Stadium, Motera",1,1.5,India,Pakistan,AM Rahane,G Gambhir,Sohail Tanvir,0,0,,,,,,,,,
589307,2012/13,2012-12-28,"Sardar Patel Stadium, Motera",1,1.6,India,Pakistan,AM Rahane,G Gambhir,Sohail Tanvir,1,0,,,,,,,,,
589307,2012/13,2012-12-28,"Sardar Patel Stadium, Motera",1,2.1,India,Pakistan,AM Rahane,G Gambhir,Mohammad Irfan,0,0,,,,,,,,,
589307,2012/13,2012-12-28,"Sardar Patel Stadium, Motera",1,2.2,India,Pakistan,AM Rahane,G Gambhir,Mohammad Irfan,0,0,,,,,,,,,
589307,2012/13,2012-12-28,"Sardar Patel Stadium, Motera",1,2.3,India,Pakistan,AM Rahane,G Gambhir,Mohammad Irfan,1,0,,,,,,,,,
589307,2012/13,2012-12-28,"Sardar Patel Stadium, Motera",1,2.4,India,Pakistan,G Gambhir,AM Rahane,Mohammad Irfan,1,0,,,,,,,,,
589307,2012/13,2012-12-28,"Sardar Patel Stadium, Motera",1,2.5,India,Pakistan,AM Rahane,G Gambhir,Mohammad Irfan,1,0,,,,,,,,,
589307,2012/13,2012-12-28,"Sardar Patel Stadium, Motera",1,2.6,India,Pakistan,G Gambhir,AM Rahane,Mohammad Irfan,0,0,,,,,,,,,
589307,2012/13,2012-12-28,"Sardar Patel Stadium, Motera",1,3.1,India,Pakistan,AM Rahane,G Gambhir,Sohail Tanvir,1,0,,,,,,,,,
589307,2012/13,2012-12-28,"Sardar Patel Stadium, Motera",1,3.2,India,Pakistan,G Gambhir,AM Rahane,Sohail Tanvir,1,0,,,,,,,,,
589307,2012/13,2012-12-28,"Sardar Patel Stadium, Motera",1,3.3,India,Pakistan,AM Rahane,G Gambhir,Sohail Tanvir,4,0,,,,,,,,,
589307,2012/13,2012-12-28,"Sardar Patel Stadium, Motera",1,3.4,India,Pakistan,AM Rahane,G Gambhir,Sohail Tanvir,4,0,,,,,,,,,
589307,2012/13,2012-12-28,"Sardar Patel Stadium, Motera",1,3.5,India,Pakistan,AM Rahane,G Gambhir,Sohail Tanvir,0,0,,,,,,,,,
589307,2012/13,2012-12-28,"Sardar Patel Stadium, Motera",1,3.6,India,Pakistan,AM Rahane,G Gambhir,Sohail Tanvir,1,0,,,,,,,,,
589307,2012/13,2012-12-28,"Sardar Patel Stadium, Motera",1,4.1,India,Pakistan,AM Rahane,G Gambhir,Umar Gul,1,0,,,,,,,,,
589307,2012/13,2012-12-28,"Sardar Patel Stadium, Motera",1,4.2,India,Pakistan,G Gambhir,AM Rahane,Umar Gul,4,0,,,,,,,,,
589307,2012/13,2012-12-28,"Sardar Patel Stadium, Motera",1,4.3,India,Pakistan,G Gambhir,AM Rahane,Umar Gul,4,0,,,,,,,,,
589307,2012/13,2012-12-28,"Sardar Patel Stadium, Motera",1,4.4,India,Pakistan,G Gambhir,AM Rahane,Umar Gul,4,0,,,,,,,,,
589307,2012/13,2012-12-28,"Sardar Patel Stadium, Motera",1,4.5,India,Pakistan,G Gambhir,AM Rahane,Umar Gul,0,0,,,,,,lbw,G Gambhir,,
589307,2012/13,2012-12-28,"Sardar Patel Stadium, Motera",1,4.6,India,Pakistan,V Kohli,AM Rahane,Umar Gul,0,0,,,,,,,,,
589307,2012/13,2012-12-28,"Sardar Patel Stadium, Motera",1,5.1,India,Pakistan,AM Rahane,V Kohli,Saeed Ajmal,0,0,,,,,,,,,
589307,2012/13,2012-12-28,"Sardar Patel Stadium, Motera",1,5.2,India,Pakistan,AM Rahane,V Kohli,Saeed Ajmal,0,0,,,,,,,,,
589307,2012/13,2012-12-28,"Sardar Patel Stadium, Motera",1,5.3,India,Pakistan,AM Rahane,V Kohli,Saeed Ajmal,1,0,,,,,,,,,
589307,2012/13,2012-12-28,"Sardar Patel Stadium, Motera",1,5.4,India,Pakistan,V Kohli,AM Rahane,Saeed Ajmal,1,0,,,,,,,,,
589307,2012/13,2012-12-28,"Sardar Patel Stadium, Motera",1,5.5,India,Pakistan,AM Rahane,V Kohli,Saeed Ajmal,1,0,,,,,,,,,
589307,2012/13,2012-12-28,"Sardar Patel Stadium, Motera",1,5.6,India,Pakistan,V Kohli,AM Rahane,Saeed Ajmal,1,0,,,,,,,,,
589307,2012/13,2012-12-28,"Sardar Patel Stadium, Motera",1,6.1,India,Pakistan,V Kohli,AM Rahane,Umar Gul,1,0,,,,,,,,,
589307,2012/13,2012-12-28,"Sardar Patel Stadium, Motera",1,6.2,India,Pakistan,AM Rahane,V Kohli,Umar Gul,2,0,,,,,,,,,
589307,2012/13,2012-12-28,"Sardar Patel Stadium, Motera",1,6.3,India,Pakistan,AM Rahane,V Kohli,Umar Gul,0,0,,,,,,,,,
589307,2012/13,2012-12-28,"Sardar Patel Stadium, Motera",1,6.4,India,Pakistan,AM Rahane,V Kohli,Umar Gul,1,0,,,,,,,,,
589307,2012/13,2012-12-28,"Sardar Patel Stadium, Motera",1,6.5,India,Pakistan,V Kohli,AM Rahane,Umar Gul,1,0,,,,,,,,,
589307,2012/13,2012-12-28,"Sardar Patel Stadium, Motera",1,6.6,India,Pakistan,AM Rahane,V Kohli,Umar Gul,0,0,,,,,,caught and bowled,AM Rahane,,
589307,2012/13,2012-12-28,"Sardar Patel Stadium, Motera",1,7.1,India,Pakistan,V Kohli,Yuvraj Singh,Mohammad Irfan,0,0,,,,,,,,,
589307,2012/13,2012-12-28,"Sardar Patel Stadium, Motera",1,7.2,India,Pakistan,V Kohli,Yuvraj Singh,Mohammad Irfan,1,0,,,,,,,,,
589307,2012/13,2012-12-28,"Sardar Patel Stadium, Motera",1,7.3,India,Pakistan,Yuvraj Singh,V Kohli,Mohammad Irfan,0,0,,,,,,,,,
589307,2012/13,2012-12-28,"Sardar Patel Stadium, Motera",1,7.4,India,Pakistan,Yuvraj Singh,V Kohli,Mohammad Irfan,0,0,,,,,,,,,
589307,2012/13,2012-12-28,"Sardar Patel Stadium, Motera",1,7.5,India,Pakistan,Yuvraj Singh,V Kohli,Mohammad Irfan,0,1,,,,1,,,,,
589307,2012/13,2012-12-28,"Sardar Patel Stadium, Motera",1,7.6,India,Pakistan,V Kohli,Yuvraj Singh,Mohammad Irfan,4,0,,,,,,,,,
589307,2012/13,2012-12-28,"Sardar Patel Stadium, Motera",1,8.1,India,Pakistan,Yuvraj Singh,V Kohli,Shahid Afridi,1,0,,,,,,,,,
589307,2012/13,2012-12-28,"Sardar Patel Stadium, Motera",1,8.2,India,Pakistan,V Kohli,Yuvraj Singh,Shahid Afridi,0,0,,,,,,,,,
589307,2012/13,2012-12-28,"Sardar Patel Stadium, Motera",1,8.3,India,Pakistan,V Kohli,Yuvraj Singh,Shahid Afridi,1,0,,,,,,,,,
589307,2012/13,2012-12-28,"Sardar Patel Stadium, Motera",1,8.4,India,Pakistan,Yuvraj Singh,V Kohli,Shahid Afridi,1,0,,,,,,,,,
589307,2012/13,2012-12-28,"Sardar Patel Stadium, Motera",1,8.5,India,Pakistan,V Kohli,Yuvraj Singh,Shahid Afridi,1,0,,,,,,,,,
589307,2012/13,2012-12-28,"Sardar Patel Stadium, Motera",1,8.6,India,Pakistan,Yuvraj Singh,V Kohli,Shahid Afridi,1,0,,,,,,,,,
589307,2012/13,2012-12-28,"Sardar Patel Stadium, Motera",1,9.1,India,Pakistan,Yuvraj Singh,V Kohli,Saeed Ajmal,1,0,,,,,,,,,
589307,2012/13,2012-12-28,"Sardar Patel Stadium, Motera",1,9.2,India,Pakistan,V Kohli,Yuvraj Singh,Saeed Ajmal,4,0,,,,,,,,,
589307,2012/13,2012-12-28,"Sardar Patel Stadium, Motera",1,9.3,India,Pakistan,V Kohli,Yuvraj Singh,Saeed Ajmal,1,0,,,,,,,,,
589307,2012/13,2012-12-28,"Sardar Patel Stadium, Motera",1,9.4,India,Pakistan,Yuvraj Singh,V Kohli,Saeed Ajmal,1,0,,,,,,,,,
589307,2012/13,2012-12-28,"Sardar Patel Stadium, Motera",1,9.5,India,Pakistan,V Kohli,Yuvraj Singh,Saeed Ajmal,1,0,,,,,,,,,
589307,2012/13,2012-12-28,"Sardar Patel Stadium, Motera",1,9.6,India,Pakistan,Yuvraj Singh,V Kohli,Saeed Ajmal,0,0,,,,,,,,,
589307,2012/13,2012-12-28,"Sardar Patel Stadium, Motera",1,10.1,India,Pakistan,V Kohli,Yuvraj Singh,Shahid Afridi,4,0,,,,,,,,,
589307,2012/13,2012-12-28,"Sardar Patel Stadium, Motera",1,10.2,India,Pakistan,V Kohli,Yuvraj Singh,Shahid Afridi,1,0,,,,,,,,,
589307,2012/13,2012-12-28,"Sardar Patel Stadium, Motera",1,10.3,India,Pakistan,Yuvraj Singh,V Kohli,Shahid Afridi,1,0,,,,,,,,,
589307,2012/13,2012-12-28,"Sardar Patel Stadium, Motera",1,10.4,India,Pakistan,V Kohli,Yuvraj Singh,Shahid Afridi,0,0,,,,,,,,,
589307,2012/13,2012-12-28,"Sardar Patel Stadium, Motera",1,10.5,India,Pakistan,V Kohli,Yuvraj Singh,Shahid Afridi,1,0,,,,,,,,,
589307,2012/13,2012-12-28,"Sardar Patel Stadium, Motera",1,10.6,India,Pakistan,Yuvraj Singh,V Kohli,Shahid Afridi,4,0,,,,,,,,,
589307,2012/13,2012-12-28,"Sardar Patel Stadium, Motera",1,11.1,India,Pakistan,V Kohli,Yuvraj Singh,Sohail Tanvir,2,0,,,,,,,,,
589307,2012/13,2012-12-28,"Sardar Patel Stadium, Motera",1,11.2,India,Pakistan,V Kohli,Yuvraj Singh,Sohail Tanvir,1,0,,,,,,,,,
589307,2012/13,2012-12-28,"Sardar Patel Stadium, Motera",1,11.3,India,Pakistan,Yuvraj Singh,V Kohli,Sohail Tanvir,1,0,,,,,,,,,
589307,2012/13,2012-12-28,"Sardar Patel Stadium, Motera",1,11.4,India,Pakistan,V Kohli,Yuvraj Singh,Sohail Tanvir,0,0,,,,,,,,,
589307,2012/13,2012-12-28,"Sardar Patel Stadium, Motera",1,11.5,India,Pakistan,V Kohli,Yuvraj Singh,Sohail Tanvir,1,0,,,,,,,,,
589307,2012/13,2012-12-28,"Sardar Patel Stadium, Motera",1,11.6,India,Pakistan,Yuvraj Singh,V Kohli,Sohail Tanvir,0,0,,,,,,run out,V Kohli,,
589307,2012/13,2012-12-28,"Sardar Patel Stadium, Motera",1,12.1,India,Pakistan,Yuvraj Singh,MS Dhoni,Shahid Afridi,1,0,,,,,,,,,
589307,2012/13,2012-12-28,"Sardar Patel Stadium, Motera",1,12.2,India,Pakistan,MS Dhoni,Yuvraj Singh,Shahid Afridi,4,0,,,,,,,,,
589307,2012/13,2012-12-28,"Sardar Patel Stadium, Motera",1,12.3,India,Pakistan,MS Dhoni,Yuvraj Singh,Shahid Afridi,1,0,,,,,,,,,
589307,2012/13,2012-12-28,"Sardar Patel Stadium, Motera",1,12.4,India,Pakistan,Yuvraj Singh,MS Dhoni,Shahid Afridi,6,0,,,,,,,,,
589307,2012/13,2012-12-28,"Sardar Patel Stadium, Motera",1,12.5,India,Pakistan,Yuvraj Singh,MS Dhoni,Shahid Afridi,4,0,,,,,,,,,
589307,2012/13,2012-12-28,"Sardar Patel Stadium, Motera",1,12.6,India,Pakistan,Yuvraj Singh,MS Dhoni,Shahid Afridi,1,0,,,,,,,,,
589307,2012/13,2012-12-28,"Sardar Patel Stadium, Motera",1,13.1,India,Pakistan,Yuvraj Singh,MS Dhoni,Mohammad Irfan,1,0,,,,,,,,,
589307,2012/13,2012-12-28,"Sardar Patel Stadium, Motera",1,13.2,India,Pakistan,MS Dhoni,Yuvraj Singh,Mohammad Irfan,2,0,,,,,,,,,
589307,2012/13,2012-12-28,"Sardar Patel Stadium, Motera",1,13.3,India,Pakistan,MS Dhoni,Yuvraj Singh,Mohammad Irfan,0,0,,,,,,,,,
589307,2012/13,2012-12-28,"Sardar Patel Stadium, Motera",1,13.4,India,Pakistan,MS Dhoni,Yuvraj Singh,Mohammad Irfan,2,0,,,,,,,,,
589307,2012/13,2012-12-28,"Sardar Patel Stadium, Motera",1,13.5,India,Pakistan,MS Dhoni,Yuvraj Singh,Mohammad Irfan,0,0,,,,,,,,,
589307,2012/13,2012-12-28,"Sardar Patel Stadium, Motera",1,13.6,India,Pakistan,MS Dhoni,Yuvraj Singh,Mohammad Irfan,0,0,,,,,,,,,
589307,2012/13,2012-12-28,"Sardar Patel Stadium, Motera",1,14.1,India,Pakistan,Yuvraj Singh,MS Dhoni,Saeed Ajmal,6,0,,,,,,,,,
589307,2012/13,2012-12-28,"Sardar Patel Stadium, Motera",1,14.2,India,Pakistan,Yuvraj Singh,MS Dhoni,Saeed Ajmal,0,0,,,,,,,,,
589307,2012/13,2012-12-28,"Sardar Patel Stadium, Motera",1,14.3,India,Pakistan,Yuvraj Singh,MS Dhoni,Saeed Ajmal,1,0,,,,,,,,,
589307,2012/13,2012-12-28,"Sardar Patel Stadium, Motera",1,14.4,India,Pakistan,MS Dhoni,Yuvraj Singh,Saeed Ajmal,0,0,,,,,,,,,
589307,2012/13,2012-12-28,"Sardar Patel Stadium, Motera",1,14.5,India,Pakistan,MS Dhoni,Yuvraj Singh,Saeed Ajmal,1,0,,,,,,,,,
589307,2012/13,2012-12-28,"Sardar Patel Stadium, Motera",1,14.6,India,Pakistan,Yuvraj Singh,MS Dhoni,Saeed Ajmal,0,0,,,,,,,,,
589307,2012/13,2012-12-28,"Sardar Patel Stadium, Motera",1,15.1,India,Pakistan,MS Dhoni,Yuvraj Singh,Umar Gul,0,4,,,,4,,,,,
589307,2012/13,2012-12-28,"Sardar Patel Stadium, Motera",1,15.2,India,Pakistan,MS Dhoni,Yuvraj Singh,Umar Gul,2,0,,,,,,,,,
589307,2012/13,2012-12-28,"Sardar Patel Stadium, Motera",1,15.3,India,Pakistan,MS Dhoni,Yuvraj Singh,Umar Gul,4,0,,,,,,,,,
589307,2012/13,2012-12-28,"Sardar Patel Stadium, Motera",1,15.4,India,Pakistan,MS Dhoni,Yuvraj Singh,Umar Gul,4,0,,,,,,,,,
589307,2012/13,2012-12-28,"Sardar Patel Stadium, Motera",1,15.5,India,Pakistan,MS Dhoni,Yuvraj Singh,Umar Gul,1,0,,,,,,,,,
589307,2012/13,2012-12-28,"Sardar Patel Stadium, Motera",1,15.6,India,Pakistan,Yuvraj Singh,MS Dhoni,Umar Gul,0,0,,,,,,,,,
589307,2012/13,2012-12-28,"Sardar Patel Stadium, Motera",1,16.1,India,Pakistan,MS Dhoni,Yuvraj Singh,Mohammad Hafeez,1,0,,,,,,,,,
589307,2012/13,2012-12-28,"Sardar Patel Stadium, Motera",1,16.2,India,Pakistan,Yuvraj Singh,MS Dhoni,Mohammad Hafeez,0,0,,,,,,,,,
589307,2012/13,2012-12-28,"Sardar Patel Stadium, Motera",1,16.3,India,Pakistan,Yuvraj Singh,MS Dhoni,Mohammad Hafeez,4,0,,,,,,,,,
589307,2012/13,2012-12-28,"Sardar Patel Stadium, Motera",1,16.4,India,Pakistan,Yuvraj Singh,MS Dhoni,Mohammad Hafeez,1,0,,,,,,,,,
589307,2012/13,2012-12-28,"Sardar Patel Stadium, Motera",1,16.5,India,Pakistan,MS Dhoni,Yuvraj Singh,Mohammad Hafeez,1,0,,,,,,,,,
589307,2012/13,2012-12-28,"Sardar Patel Stadium, Motera",1,16.6,India,Pakistan,Yuvraj Singh,MS Dhoni,Mohammad Hafeez,4,0,,,,,,,,,
589307,2012/13,2012-12-28,"Sardar Patel Stadium, Motera",1,17.1,India,Pakistan,MS Dhoni,Yuvraj Singh,Sohail Tanvir,1,0,,,,,,,,,
589307,2012/13,2012-12-28,"Sardar Patel Stadium, Motera",1,17.2,India,Pakistan,Yuvraj Singh,MS Dhoni,Sohail Tanvir,6,0,,,,,,,,,
589307,2012/13,2012-12-28,"Sardar Patel Stadium, Motera",1,17.3,India,Pakistan,Yuvraj Singh,MS Dhoni,Sohail Tanvir,6,0,,,,,,,,,
589307,2012/13,2012-12-28,"Sardar Patel Stadium, Motera",1,17.4,India,Pakistan,Yuvraj Singh,MS Dhoni,Sohail Tanvir,0,0,,,,,,,,,
589307,2012/13,2012-12-28,"Sardar Patel Stadium, Motera",1,17.5,India,Pakistan,Yuvraj Singh,MS Dhoni,Sohail Tanvir,1,0,,,,,,,,,
589307,2012/13,2012-12-28,"Sardar Patel Stadium, Motera",1,17.6,India,Pakistan,MS Dhoni,Yuvraj Singh,Sohail Tanvir,4,0,,,,,,,,,
589307,2012/13,2012-12-28,"Sardar Patel Stadium, Motera",1,18.1,India,Pakistan,Yuvraj Singh,MS Dhoni,Saeed Ajmal,1,0,,,,,,,,,
589307,2012/13,2012-12-28,"Sardar Patel Stadium, Motera",1,18.2,India,Pakistan,MS Dhoni,Yuvraj Singh,Saeed Ajmal,2,0,,,,,,,,,
589307,2012/13,2012-12-28,"Sardar Patel Stadium, Motera",1,18.3,India,Pakistan,MS Dhoni,Yuvraj Singh,Saeed Ajmal,1,0,,,,,,,,,
589307,2012/13,2012-12-28,"Sardar Patel Stadium, Motera",1,18.4,India,Pakistan,Yuvraj Singh,MS Dhoni,Saeed Ajmal,6,0,,,,,,,,,
589307,2012/13,2012-12-28,"Sardar Patel Stadium, Motera",1,18.5,India,Pakistan,Yuvraj Singh,MS Dhoni,Saeed Ajmal,6,0,,,,,,,,,
589307,2012/13,2012-12-28,"Sardar Patel Stadium, Motera",1,18.6,India,Pakistan,Yuvraj Singh,MS Dhoni,Saeed Ajmal,6,0,,,,,,,,,
589307,2012/13,2012-12-28,"Sardar Patel Stadium, Motera",1,19.1,India,Pakistan,MS Dhoni,Yuvraj Singh,Umar Gul,1,0,,,,,,,,,
589307,2012/13,2012-12-28,"Sardar Patel Stadium, Motera",1,19.2,India,Pakistan,Yuvraj Singh,MS Dhoni,Umar Gul,0,0,,,,,,caught,Yuvraj Singh,,
589307,2012/13,2012-12-28,"Sardar Patel Stadium, Motera",1,19.3,India,Pakistan,MS Dhoni,SK Raina,Umar Gul,1,0,,,,,,,,,
589307,2012/13,2012-12-28,"Sardar Patel Stadium, Motera",1,19.4,India,Pakistan,SK Raina,MS Dhoni,Umar Gul,1,0,,,,,,,,,
589307,2012/13,2012-12-28,"Sardar Patel Stadium, Motera",1,19.5,India,Pakistan,MS Dhoni,SK Raina,Umar Gul,0,0,,,,,,bowled,MS Dhoni,,
589307,2012/13,2012-12-28,"Sardar Patel Stadium, Motera",1,19.6,India,Pakistan,RG Sharma,SK Raina,Umar Gul,0,1,,1,,,,,,,
589307,2012/13,2012-12-28,"Sardar Patel Stadium, Motera",1,19.7,India,Pakistan,RG Sharma,SK Raina,Umar Gul,4,0,,,,,,,,,
589307,2012/13,2012-12-28,"Sardar Patel Stadium, Motera",2,0.1,Pakistan,India,Nasir Jamshed,Ahmed Shehzad,B Kumar,0,1,1,,,,,,,,
589307,2012/13,2012-12-28,"Sardar Patel Stadium, Motera",2,0.2,Pakistan,India,Nasir Jamshed,Ahmed Shehzad,B Kumar,0,0,,,,,,,,,
589307,2012/13,2012-12-28,"Sardar Patel Stadium, Motera",2,0.3,Pakistan,India,Nasir Jamshed,Ahmed Shehzad,B Kumar,0,0,,,,,,,,,
589307,2012/13,2012-12-28,"Sardar Patel Stadium, Motera",2,0.4,Pakistan,India,Nasir Jamshed,Ahmed Shehzad,B Kumar,1,0,,,,,,,,,
589307,2012/13,2012-12-28,"Sardar Patel Stadium, Motera",2,0.5,Pakistan,India,Ahmed Shehzad,Nasir Jamshed,B Kumar,1,0,,,,,,,,,
589307,2012/13,2012-12-28,"Sardar Patel Stadium, Motera",2,0.6,Pakistan,India,Nasir Jamshed,Ahmed Shehzad,B Kumar,0,0,,,,,,,,,
589307,2012/13,2012-12-28,"Sardar Patel Stadium, Motera",2,0.7,Pakistan,India,Nasir Jamshed,Ahmed Shehzad,B Kumar,2,0,,,,,,,,,
589307,2012/13,2012-12-28,"Sardar Patel Stadium, Motera",2,1.1,Pakistan,India,Ahmed Shehzad,Nasir Jamshed,I Sharma,0,0,,,,,,,,,
589307,2012/13,2012-12-28,"Sardar Patel Stadium, Motera",2,1.2,Pakistan,India,Ahmed Shehzad,Nasir Jamshed,I Sharma,0,0,,,,,,,,,
589307,2012/13,2012-12-28,"Sardar Patel Stadium, Motera",2,1.3,Pakistan,India,Ahmed Shehzad,Nasir Jamshed,I Sharma,4,0,,,,,,,,,
589307,2012/13,2012-12-28,"Sardar Patel Stadium, Motera",2,1.4,Pakistan,India,Ahmed Shehzad,Nasir Jamshed,I Sharma,0,0,,,,,,,,,
589307,2012/13,2012-12-28,"Sardar Patel Stadium, Motera",2,1.5,Pakistan,India,Ahmed Shehzad,Nasir Jamshed,I Sharma,0,0,,,,,,,,,
589307,2012/13,2012-12-28,"Sardar Patel Stadium, Motera",2,1.6,Pakistan,India,Ahmed Shehzad,Nasir Jamshed,I Sharma,0,0,,,,,,,,,
589307,2012/13,2012-12-28,"Sardar Patel Stadium, Motera",2,2.1,Pakistan,India,Nasir Jamshed,Ahmed Shehzad,B Kumar,2,0,,,,,,,,,
589307,2012/13,2012-12-28,"Sardar Patel Stadium, Motera",2,2.2,Pakistan,India,Nasir Jamshed,Ahmed Shehzad,B Kumar,0,0,,,,,,,,,
589307,2012/13,2012-12-28,"Sardar Patel Stadium, Motera",2,2.3,Pakistan,India,Nasir Jamshed,Ahmed Shehzad,B Kumar,1,0,,,,,,,,,
589307,2012/13,2012-12-28,"Sardar Patel Stadium, Motera",2,2.4,Pakistan,India,Ahmed Shehzad,Nasir Jamshed,B Kumar,1,0,,,,,,,,,
589307,2012/13,2012-12-28,"Sardar Patel Stadium, Motera",2,2.5,Pakistan,India,Nasir Jamshed,Ahmed Shehzad,B Kumar,6,0,,,,,,,,,
589307,2012/13,2012-12-28,"Sardar Patel Stadium, Motera",2,2.6,Pakistan,India,Nasir Jamshed,Ahmed Shehzad,B Kumar,4,0,,,,,,,,,
589307,2012/13,2012-12-28,"Sardar Patel Stadium, Motera",2,3.1,Pakistan,India,Ahmed Shehzad,Nasir Jamshed,I Sharma,6,0,,,,,,,,,
589307,2012/13,2012-12-28,"Sardar Patel Stadium, Motera",2,3.2,Pakistan,India,Ahmed Shehzad,Nasir Jamshed,I Sharma,1,0,,,,,,,,,
589307,2012/13,2012-12-28,"Sardar Patel Stadium, Motera",2,3.3,Pakistan,India,Nasir Jamshed,Ahmed Shehzad,I Sharma,0,0,,,,,,,,,
589307,2012/13,2012-12-28,"Sardar Patel Stadium, Motera",2,3.4,Pakistan,India,Nasir Jamshed,Ahmed Shehzad,I Sharma,0,0,,,,,,,,,
589307,2012/13,2012-12-28,"Sardar Patel Stadium, Motera",2,3.5,Pakistan,India,Nasir Jamshed,Ahmed Shehzad,I Sharma,4,0,,,,,,,,,
589307,2012/13,2012-12-28,"Sardar Patel Stadium, Motera",2,3.6,Pakistan,India,Nasir Jamshed,Ahmed Shehzad,I Sharma,1,0,,,,,,,,,
589307,2012/13,2012-12-28,"Sardar Patel Stadium, Motera",2,4.1,Pakistan,India,Nasir Jamshed,Ahmed Shehzad,AB Dinda,4,0,,,,,,,,,
589307,2012/13,2012-12-28,"Sardar Patel Stadium, Motera",2,4.2,Pakistan,India,Nasir Jamshed,Ahmed Shehzad,AB Dinda,4,0,,,,,,,,,
589307,2012/13,2012-12-28,"Sardar Patel Stadium, Motera",2,4.3,Pakistan,India,Nasir Jamshed,Ahmed Shehzad,AB Dinda,0,0,,,,,,,,,
589307,2012/13,2012-12-28,"Sardar Patel Stadium, Motera",2,4.4,Pakistan,India,Nasir Jamshed,Ahmed Shehzad,AB Dinda,1,0,,,,,,,,,
589307,2012/13,2012-12-28,"Sardar Patel Stadium, Motera",2,4.5,Pakistan,India,Ahmed Shehzad,Nasir Jamshed,AB Dinda,0,0,,,,,,,,,
589307,2012/13,2012-12-28,"Sardar Patel Stadium, Motera",2,4.6,Pakistan,India,Ahmed Shehzad,Nasir Jamshed,AB Dinda,4,0,,,,,,,,,
589307,2012/13,2012-12-28,"Sardar Patel Stadium, Motera",2,5.1,Pakistan,India,Nasir Jamshed,Ahmed Shehzad,R Ashwin,2,0,,,,,,,,,
589307,2012/13,2012-12-28,"Sardar Patel Stadium, Motera",2,5.2,Pakistan,India,Nasir Jamshed,Ahmed Shehzad,R Ashwin,0,0,,,,,,,,,
589307,2012/13,2012-12-28,"Sardar Patel Stadium, Motera",2,5.3,Pakistan,India,Nasir Jamshed,Ahmed Shehzad,R Ashwin,1,0,,,,,,,,,
589307,2012/13,2012-12-28,"Sardar Patel Stadium, Motera",2,5.4,Pakistan,India,Ahmed Shehzad,Nasir Jamshed,R Ashwin,1,0,,,,,,,,,
589307,2012/13,2012-12-28,"Sardar Patel Stadium, Motera",2,5.5,Pakistan,India,Nasir Jamshed,Ahmed Shehzad,R Ashwin,1,0,,,,,,,,,
589307,2012/13,2012-12-28,"Sardar Patel Stadium, Motera",2,5.6,Pakistan,India,Ahmed Shehzad,Nasir Jamshed,R Ashwin,1,0,,,,,,,,,
589307,2012/13,2012-12-28,"Sardar Patel Stadium, Motera",2,6.1,Pakistan,India,Ahmed Shehzad,Nasir Jamshed,SK Raina,0,0,,,,,,,,,
589307,2012/13,2012-12-28,"Sardar Patel Stadium, Motera",2,6.2,Pakistan,India,Ahmed Shehzad,Nasir Jamshed,SK Raina,0,0,,,,,,,,,
589307,2012/13,2012-12-28,"Sardar Patel Stadium, Motera",2,6.3,Pakistan,India,Ahmed Shehzad,Nasir Jamshed,SK Raina,1,0,,,,,,,,,
589307,2012/13,2012-12-28,"Sardar Patel Stadium, Motera",2,6.4,Pakistan,India,Nasir Jamshed,Ahmed Shehzad,SK Raina,2,0,,,,,,,,,
589307,2012/13,2012-12-28,"Sardar Patel Stadium, Motera",2,6.5,Pakistan,India,Nasir Jamshed,Ahmed Shehzad,SK Raina,1,0,,,,,,,,,
589307,2012/13,2012-12-28,"Sardar Patel Stadium, Motera",2,6.6,Pakistan,India,Ahmed Shehzad,Nasir Jamshed,SK Raina,1,0,,,,,,,,,
589307,2012/13,2012-12-28,"Sardar Patel Stadium, Motera",2,7.1,Pakistan,India,Ahmed Shehzad,Nasir Jamshed,R Ashwin,1,0,,,,,,,,,
589307,2012/13,2012-12-28,"Sardar Patel Stadium, Motera",2,7.2,Pakistan,India,Nasir Jamshed,Ahmed Shehzad,R Ashwin,1,0,,,,,,,,,
589307,2012/13,2012-12-28,"Sardar Patel Stadium, Motera",2,7.3,Pakistan,India,Ahmed Shehzad,Nasir Jamshed,R Ashwin,0,0,,,,,,,,,
589307,2012/13,2012-12-28,"Sardar Patel Stadium, Motera",2,7.4,Pakistan,India,Ahmed Shehzad,Nasir Jamshed,R Ashwin,1,0,,,,,,,,,
589307,2012/13,2012-12-28,"Sardar Patel Stadium, Motera",2,7.5,Pakistan,India,Nasir Jamshed,Ahmed Shehzad,R Ashwin,1,0,,,,,,,,,
589307,2012/13,2012-12-28,"Sardar Patel Stadium, Motera",2,7.6,Pakistan,India,Ahmed Shehzad,Nasir Jamshed,R Ashwin,0,0,,,,,,,,,
589307,2012/13,2012-12-28,"Sardar Patel Stadium, Motera",2,8.1,Pakistan,India,Nasir Jamshed,Ahmed Shehzad,SK Raina,1,0,,,,,,,,,
589307,2012/13,2012-12-28,"Sardar Patel Stadium, Motera",2,8.2,Pakistan,India,Ahmed Shehzad,Nasir Jamshed,SK Raina,4,0,,,,,,,,,
589307,2012/13,2012-12-28,"Sardar Patel Stadium, Motera",2,8.3,Pakistan,India,Ahmed Shehzad,Nasir Jamshed,SK Raina,1,0,,,,,,,,,
589307,2012/13,2012-12-28,"Sardar Patel Stadium, Motera",2,8.4,Pakistan,India,Nasir Jamshed,Ahmed Shehzad,SK Raina,0,1,,,,1,,,,,
589307,2012/13,2012-12-28,"Sardar Patel Stadium, Motera",2,8.5,Pakistan,India,Ahmed Shehzad,Nasir Jamshed,SK Raina,1,0,,,,,,,,,
589307,2012/13,2012-12-28,"Sardar Patel Stadium, Motera",2,8.6,Pakistan,India,Nasir Jamshed,Ahmed Shehzad,SK Raina,0,0,,,,,,,,,
589307,2012/13,2012-12-28,"Sardar Patel Stadium, Motera",2,9.1,Pakistan,India,Ahmed Shehzad,Nasir Jamshed,R Ashwin,0,1,,,,1,,,,,
589307,2012/13,2012-12-28,"Sardar Patel Stadium, Motera",2,9.2,Pakistan,India,Nasir Jamshed,Ahmed Shehzad,R Ashwin,0,0,,,,,,,,,
589307,2012/13,2012-12-28,"Sardar Patel Stadium, Motera",2,9.3,Pakistan,India,Nasir Jamshed,Ahmed Shehzad,R Ashwin,1,0,,,,,,,,,
589307,2012/13,2012-12-28,"Sardar Patel Stadium, Motera",2,9.4,Pakistan,India,Ahmed Shehzad,Nasir Jamshed,R Ashwin,1,0,,,,,,,,,
589307,2012/13,2012-12-28,"Sardar Patel Stadium, Motera",2,9.5,Pakistan,India,Nasir Jamshed,Ahmed Shehzad,R Ashwin,0,0,,,,,,caught,Nasir Jamshed,,
589307,2012/13,2012-12-28,"Sardar Patel Stadium, Motera",2,9.6,Pakistan,India,Umar Akmal,Ahmed Shehzad,R Ashwin,1,0,,,,,,,,,
589307,2012/13,2012-12-28,"Sardar Patel Stadium, Motera",2,10.1,Pakistan,India,Umar Akmal,Ahmed Shehzad,Yuvraj Singh,6,0,,,,,,,,,
589307,2012/13,2012-12-28,"Sardar Patel Stadium, Motera",2,10.2,Pakistan,India,Umar Akmal,Ahmed Shehzad,Yuvraj Singh,1,0,,,,,,,,,
589307,2012/13,2012-12-28,"Sardar Patel Stadium, Motera",2,10.3,Pakistan,India,Ahmed Shehzad,Umar Akmal,Yuvraj Singh,1,0,,,,,,,,,
589307,2012/13,2012-12-28,"Sardar Patel Stadium, Motera",2,10.4,Pakistan,India,Umar Akmal,Ahmed Shehzad,Yuvraj Singh,1,0,,,,,,,,,
589307,2012/13,2012-12-28,"Sardar Patel Stadium, Motera",2,10.5,Pakistan,India,Ahmed Shehzad,Umar Akmal,Yuvraj Singh,0,0,,,,,,stumped,Ahmed Shehzad,,
589307,2012/13,2012-12-28,"Sardar Patel Stadium, Motera",2,10.6,Pakistan,India,Mohammad Hafeez,Umar Akmal,Yuvraj Singh,0,0,,,,,,,,,
589307,2012/13,2012-12-28,"Sardar Patel Stadium, Motera",2,11.1,Pakistan,India,Umar Akmal,Mohammad Hafeez,B Kumar,1,0,,,,,,,,,
589307,2012/13,2012-12-28,"Sardar Patel Stadium, Motera",2,11.2,Pakistan,India,Mohammad Hafeez,Umar Akmal,B Kumar,4,0,,,,,,,,,
589307,2012/13,2012-12-28,"Sardar Patel Stadium, Motera",2,11.3,Pakistan,India,Mohammad Hafeez,Umar Akmal,B Kumar,1,0,,,,,,,,,
589307,2012/13,2012-12-28,"Sardar Patel Stadium, Motera",2,11.4,Pakistan,India,Umar Akmal,Mohammad Hafeez,B Kumar,1,0,,,,,,,,,
589307,2012/13,2012-12-28,"Sardar Patel Stadium, Motera",2,11.5,Pakistan,India,Mohammad Hafeez,Umar Akmal,B Kumar,1,0,,,,,,,,,
589307,2012/13,2012-12-28,"Sardar Patel Stadium, Motera",2,11.6,Pakistan,India,Umar Akmal,Mohammad Hafeez,B Kumar,0,2,2,,,,,,,,
589307,2012/13,2012-12-28,"Sardar Patel Stadium, Motera",2,11.7,Pakistan,India,Mohammad Hafeez,Umar Akmal,B Kumar,2,0,,,,,,,,,
589307,2012/13,2012-12-28,"Sardar Patel Stadium, Motera",2,12.1,Pakistan,India,Umar Akmal,Mohammad Hafeez,Yuvraj Singh,1,0,,,,,,,,,
589307,2012/13,2012-12-28,"Sardar Patel Stadium, Motera",2,12.2,Pakistan,India,Mohammad Hafeez,Umar Akmal,Yuvraj Singh,4,0,,,,,,,,,
589307,2012/13,2012-12-28,"Sardar Patel Stadium, Motera",2,12.3,Pakistan,India,Mohammad Hafeez,Umar Akmal,Yuvraj Singh,1,0,,,,,,,,,
589307,2012/13,2012-12-28,"Sardar Patel Stadium, Motera",2,12.4,Pakistan,India,Umar Akmal,Mohammad Hafeez,Yuvraj Singh,2,0,,,,,,,,,
589307,2012/13,2012-12-28,"Sardar Patel Stadium, Motera",2,12.5,Pakistan,India,Umar Akmal,Mohammad Hafeez,Yuvraj Singh,4,0,,,,,,,,,
589307,2012/13,2012-12-28,"Sardar Patel Stadium, Motera",2,12.6,Pakistan,India,Umar Akmal,Mohammad Hafeez,Yuvraj Singh,2,0,,,,,,,,,
589307,2012/13,2012-12-28,"Sardar Patel Stadium, Motera",2,13.1,Pakistan,India,Mohammad Hafeez,Umar Akmal,R Ashwin,6,0,,,,,,,,,
589307,2012/13,2012-12-28,"Sardar Patel Stadium, Motera",2,13.2,Pakistan,India,Mohammad Hafeez,Umar Akmal,R Ashwin,6,0,,,,,,,,,
589307,2012/13,2012-12-28,"Sardar Patel Stadium, Motera",2,13.3,Pakistan,India,Mohammad Hafeez,Umar Akmal,R Ashwin,1,0,,,,,,,,,
589307,2012/13,2012-12-28,"Sardar Patel Stadium, Motera",2,13.4,Pakistan,India,Umar Akmal,Mohammad Hafeez,R Ashwin,0,0,,,,,,,,,
589307,2012/13,2012-12-28,"Sardar Patel Stadium, Motera",2,13.5,Pakistan,India,Umar Akmal,Mohammad Hafeez,R Ashwin,1,0,,,,,,,,,
589307,2012/13,2012-12-28,"Sardar Patel Stadium, Motera",2,13.6,Pakistan,India,Mohammad Hafeez,Umar Akmal,R Ashwin,1,0,,,,,,,,,
589307,2012/13,2012-12-28,"Sardar Patel Stadium, Motera",2,14.1,Pakistan,India,Mohammad Hafeez,Umar Akmal,AB Dinda,4,0,,,,,,,,,
589307,2012/13,2012-12-28,"Sardar Patel Stadium, Motera",2,14.2,Pakistan,India,Mohammad Hafeez,Umar Akmal,AB Dinda,4,0,,,,,,,,,
589307,2012/13,2012-12-28,"Sardar Patel Stadium, Motera",2,14.3,Pakistan,India,Mohammad Hafeez,Umar Akmal,AB Dinda,1,0,,,,,,,,,
589307,2012/13,2012-12-28,"Sardar Patel Stadium, Motera",2,14.4,Pakistan,India,Umar Akmal,Mohammad Hafeez,AB Dinda,1,0,,,,,,,,,
589307,2012/13,2012-12-28,"Sardar Patel Stadium, Motera",2,14.5,Pakistan,India,Mohammad Hafeez,Umar Akmal,AB Dinda,0,0,,,,,,,,,
589307,2012/13,2012-12-28,"Sardar Patel Stadium, Motera",2,14.6,Pakistan,India,Mohammad Hafeez,Umar Akmal,AB Dinda,1,0,,,,,,,,,
589307,2012/13,2012-12-28,"Sardar Patel Stadium, Motera",2,15.1,Pakistan,India,Mohammad Hafeez,Umar Akmal,I Sharma,6,0,,,,,,,,,
589307,2012/13,2012-12-28,"Sardar Patel Stadium, Motera",2,15.2,Pakistan,India,Mohammad Hafeez,Umar Akmal,I Sharma,1,0,,,,,,,,,
589307,2012/13,2012-12-28,"Sardar Patel Stadium, Motera",2,15.3,Pakistan,India,Umar Akmal,Mohammad Hafeez,I Sharma,1,0,,,,,,,,,
589307,2012/13,2012-12-28,"Sardar Patel Stadium, Motera",2,15.4,Pakistan,India,Mohammad Hafeez,Umar Akmal,I Sharma,1,0,,,,,,,,,
589307,2012/13,2012-12-28,"Sardar Patel Stadium, Motera",2,15.5,Pakistan,India,Umar Akmal,Mohammad Hafeez,I Sharma,1,0,,,,,,,,,
589307,2012/13,2012-12-28,"Sardar Patel Stadium, Motera",2,15.6,Pakistan,India,Mohammad Hafeez,Umar Akmal,I Sharma,0,0,,,,,,,,,
589307,2012/13,2012-12-28,"Sardar Patel Stadium, Motera",2,16.1,Pakistan,India,Umar Akmal,Mohammad Hafeez,AB Dinda,0,0,,,,,,,,,
589307,2012/13,2012-12-28,"Sardar Patel Stadium, Motera",2,16.2,Pakistan,India,Umar Akmal,Mohammad Hafeez,AB Dinda,0,0,,,,,,bowled,Umar Akmal,,
589307,2012/13,2012-12-28,"Sardar Patel Stadium, Motera",2,16.3,Pakistan,India,Shahid Afridi,Mohammad Hafeez,AB Dinda,4,0,,,,,,,,,
589307,2012/13,2012-12-28,"Sardar Patel Stadium, Motera",2,16.4,Pakistan,India,Shahid Afridi,Mohammad Hafeez,AB Dinda,0,0,,,,,,,,,
589307,2012/13,2012-12-28,"Sardar Patel Stadium, Motera",2,16.5,Pakistan,India,Shahid Afridi,Mohammad Hafeez,AB Dinda,1,0,,,,,,,,,
589307,2012/13,2012-12-28,"Sardar Patel Stadium, Motera",2,16.6,Pakistan,India,Mohammad Hafeez,Shahid Afridi,AB Dinda,1,0,,,,,,,,,
589307,2012/13,2012-12-28,"Sardar Patel Stadium, Motera",2,17.1,Pakistan,India,Mohammad Hafeez,Shahid Afridi,B Kumar,0,0,,,,,,,,,
589307,2012/13,2012-12-28,"Sardar Patel Stadium, Motera",2,17.2,Pakistan,India,Mohammad Hafeez,Shahid Afridi,B Kumar,4,0,,,,,,,,,
589307,2012/13,2012-12-28,"Sardar Patel Stadium, Motera",2,17.3,Pakistan,India,Mohammad Hafeez,Shahid Afridi,B Kumar,1,0,,,,,,,,,
589307,2012/13,2012-12-28,"Sardar Patel Stadium, Motera",2,17.4,Pakistan,India,Shahid Afridi,Mohammad Hafeez,B Kumar,6,0,,,,,,,,,
589307,2012/13,2012-12-28,"Sardar Patel Stadium, Motera",2,17.5,Pakistan,India,Shahid Afridi,Mohammad Hafeez,B Kumar,0,0,,,,,,caught,Shahid Afridi,,
589307,2012/13,2012-12-28,"Sardar Patel Stadium, Motera",2,17.6,Pakistan,India,Mohammad Hafeez,Kamran Akmal,B Kumar,4,0,,,,,,,,,
589307,2012/13,2012-12-28,"Sardar Patel Stadium, Motera",2,18.1,Pakistan,India,Kamran Akmal,Mohammad Hafeez,AB Dinda,1,0,,,,,,,,,
589307,2012/13,2012-12-28,"Sardar Patel Stadium, Motera",2,18.2,Pakistan,India,Mohammad Hafeez,Kamran Akmal,AB Dinda,0,0,,,,,,caught,Mohammad Hafeez,,
589307,2012/13,2012-12-28,"Sardar Patel Stadium, Motera",2,18.3,Pakistan,India,Kamran Akmal,Shoaib Malik,AB Dinda,4,0,,,,,,,,,
589307,2012/13,2012-12-28,"Sardar Patel Stadium, Motera",2,18.4,Pakistan,India,Kamran Akmal,Shoaib Malik,AB Dinda,0,0,,,,,,caught,Kamran Akmal,,
589307,2012/13,2012-12-28,"Sardar Patel Stadium, Motera",2,18.5,Pakistan,India,Shoaib Malik,Umar Gul,AB Dinda,1,0,,,,,,,,,
589307,2012/13,2012-12-28,"Sardar Patel Stadium, Motera",2,18.6,Pakistan,India,Umar Gul,Shoaib Malik,AB Dinda,0,0,,,,,,,,,
589307,2012/13,2012-12-28,"Sardar Patel Stadium, Motera",2,19.1,Pakistan,India,Shoaib Malik,Umar Gul,I Sharma,1,0,,,,,,,,,
589307,2012/13,2012-12-28,"Sardar Patel Stadium, Motera",2,19.2,Pakistan,India,Umar Gul,Shoaib Malik,I Sharma,0,0,,,,,,,,,
589307,2012/13,2012-12-28,"Sardar Patel Stadium, Motera",2,19.3,Pakistan,India,Umar Gul,Shoaib Malik,I Sharma,4,0,,,,,,,,,
589307,2012/13,2012-12-28,"Sardar Patel Stadium, Motera",2,19.4,Pakistan,India,Umar Gul,Shoaib Malik,I Sharma,1,0,,,,,,,,,
589307,2012/13,2012-12-28,"Sardar Patel Stadium, Motera",2,19.5,Pakistan,India,Shoaib Malik,Umar Gul,I Sharma,1,0,,,,,,,,,
589307,2012/13,2012-12-28,"Sardar Patel Stadium, Motera",2,19.6,Pakistan,India,Umar Gul,Shoaib Malik,I Sharma,0,1,1,,,,,,,,
589307,2012/13,2012-12-28,"Sardar Patel Stadium, Motera",2,19.7,Pakistan,India,Umar Gul,Shoaib Malik,I Sharma,0,0,,,,,,caught,Umar Gul,,
