match_id,season,start_date,venue,innings,ball,batting_team,bowling_team,striker,non_striker,bowler,runs_off_bat,extras,wides,noballs,byes,legbyes,penalty,wicket_type,player_dismissed,other_wicket_type,other_player_dismissed
593987,2012/13,2013-03-03,"Sir Vivian Richards Stadium, North Sound",1,0.1,West Indies,Zimbabwe,LMP Simmons,J Charles,CB Mpofu,0,0,,,,,,,,,
593987,2012/13,2013-03-03,"Sir Vivian Richards Stadium, North Sound",1,0.2,West Indies,Zimbabwe,LMP Simmons,J Charles,CB Mpofu,0,0,,,,,,,,,
593987,2012/13,2013-03-03,"Sir Vivian Richards Stadium, North Sound",1,0.3,West Indies,Zimbabwe,LMP Simmons,J Charles,CB Mpofu,2,0,,,,,,,,,
593987,2012/13,2013-03-03,"Sir Vivian Richards Stadium, North Sound",1,0.4,West Indies,Zimbabwe,LMP Simmons,J Charles,CB Mpofu,1,0,,,,,,,,,
593987,2012/13,2013-03-03,"Sir Vivian Richards Stadium, North Sound",1,0.5,West Indies,Zimbabwe,J Charles,LMP Simmons,CB Mpofu,1,0,,,,,,,,,
593987,2012/13,2013-03-03,"Sir Vivian Richards Stadium, North Sound",1,0.6,West Indies,Zimbabwe,LMP Simmons,J Charles,CB Mpofu,1,0,,,,,,,,,
593987,2012/13,2013-03-03,"Sir Vivian Richards Stadium, North Sound",1,1.1,West Indies,Zimbabwe,LMP Simmons,J Charles,TL Chatara,0,0,,,,,,,,,
593987,2012/13,2013-03-03,"Sir Vivian Richards Stadium, North Sound",1,1.2,West Indies,Zimbabwe,LMP Simmons,J Charles,TL Chatara,0,0,,,,,,,,,
593987,2012/13,2013-03-03,"Sir Vivian Richards Stadium, North Sound",1,1.3,West Indies,Zimbabwe,LMP Simmons,J Charles,TL Chatara,0,0,,,,,,,,,
593987,2012/13,2013-03-03,"Sir Vivian Richards Stadium, North Sound",1,1.4,West Indies,Zimbabwe,LMP Simmons,J Charles,TL Chatara,2,0,,,,,,,,,
593987,2012/13,2013-03-03,"Sir Vivian Richards Stadium, North Sound",1,1.5,West Indies,Zimbabwe,LMP Simmons,J Charles,TL Chatara,0,0,,,,,,,,,
593987,2012/13,2013-03-03,"Sir Vivian Richards Stadium, North Sound",1,1.6,West Indies,Zimbabwe,LMP Simmons,J Charles,TL Chatara,0,0,,,,,,,,,
593987,2012/13,2013-03-03,"Sir Vivian Richards Stadium, North Sound",1,2.1,West Indies,Zimbabwe,J Charles,LMP Simmons,CB Mpofu,0,1,1,,,,,,,,
593987,2012/13,2013-03-03,"Sir Vivian Richards Stadium, North Sound",1,2.2,West Indies,Zimbabwe,J Charles,LMP Simmons,CB Mpofu,0,0,,,,,,,,,
593987,2012/13,2013-03-03,"Sir Vivian Richards Stadium, North Sound",1,2.3,West Indies,Zimbabwe,J Charles,LMP Simmons,CB Mpofu,0,0,,,,,,,,,
593987,2012/13,2013-03-03,"Sir Vivian Richards Stadium, North Sound",1,2.4,West Indies,Zimbabwe,J Charles,LMP Simmons,CB Mpofu,1,0,,,,,,,,,
593987,2012/13,2013-03-03,"Sir Vivian Richards Stadium, North Sound",1,2.5,West Indies,Zimbabwe,LMP Simmons,J Charles,CB Mpofu,1,0,,,,,,,,,
593987,2012/13,2013-03-03,"Sir Vivian Richards Stadium, North Sound",1,2.6,West Indies,Zimbabwe,J Charles,LMP Simmons,CB Mpofu,4,0,,,,,,,,,
593987,2012/13,2013-03-03,"Sir Vivian Richards Stadium, North Sound",1,2.7,West Indies,Zimbabwe,J Charles,LMP Simmons,CB Mpofu,0,1,,,,1,,,,,
593987,2012/13,2013-03-03,"Sir Vivian Richards Stadium, North Sound",1,3.1,West Indies,Zimbabwe,J Charles,LMP Simmons,TL Chatara,4,0,,,,,,,,,
593987,2012/13,2013-03-03,"Sir Vivian Richards Stadium, North Sound",1,3.2,West Indies,Zimbabwe,J Charles,LMP Simmons,TL Chatara,0,0,,,,,,bowled,J Charles,,
593987,2012/13,2013-03-03,"Sir Vivian Richards Stadium, North Sound",1,3.3,West Indies,Zimbabwe,DJ Bravo,LMP Simmons,TL Chatara,0,0,,,,,,,,,
593987,2012/13,2013-03-03,"Sir Vivian Richards Stadium, North Sound",1,3.4,West Indies,Zimbabwe,DJ Bravo,LMP Simmons,TL Chatara,0,0,,,,,,,,,
593987,2012/13,2013-03-03,"Sir Vivian Richards Stadium, North Sound",1,3.5,West Indies,Zimbabwe,DJ Bravo,LMP Simmons,TL Chatara,0,1,1,,,,,,,,
593987,2012/13,2013-03-03,"Sir Vivian Richards Stadium, North Sound",1,3.6,West Indies,Zimbabwe,DJ Bravo,LMP Simmons,TL Chatara,0,0,,,,,,,,,
593987,2012/13,2013-03-03,"Sir Vivian Richards Stadium, North Sound",1,3.7,West Indies,Zimbabwe,DJ Bravo,LMP Simmons,TL Chatara,1,0,,,,,,,,,
593987,2012/13,2013-03-03,"Sir Vivian Richards Stadium, North Sound",1,4.1,West Indies,Zimbabwe,DJ Bravo,LMP Simmons,P Utseya,0,0,,,,,,,,,
593987,2012/13,2013-03-03,"Sir Vivian Richards Stadium, North Sound",1,4.2,West Indies,Zimbabwe,DJ Bravo,LMP Simmons,P Utseya,0,0,,,,,,,,,
593987,2012/13,2013-03-03,"Sir Vivian Richards Stadium, North Sound",1,4.3,West Indies,Zimbabwe,DJ Bravo,LMP Simmons,P Utseya,0,0,,,,,,,,,
593987,2012/13,2013-03-03,"Sir Vivian Richards Stadium, North Sound",1,4.4,West Indies,Zimbabwe,DJ Bravo,LMP Simmons,P Utseya,0,0,,,,,,,,,
593987,2012/13,2013-03-03,"Sir Vivian Richards Stadium, North Sound",1,4.5,West Indies,Zimbabwe,DJ Bravo,LMP Simmons,P Utseya,1,0,,,,,,,,,
593987,2012/13,2013-03-03,"Sir Vivian Richards Stadium, North Sound",1,4.6,West Indies,Zimbabwe,LMP Simmons,DJ Bravo,P Utseya,1,0,,,,,,,,,
593987,2012/13,2013-03-03,"Sir Vivian Richards Stadium, North Sound",1,5.1,West Indies,Zimbabwe,LMP Simmons,DJ Bravo,TL Chatara,6,0,,,,,,,,,
593987,2012/13,2013-03-03,"Sir Vivian Richards Stadium, North Sound",1,5.2,West Indies,Zimbabwe,LMP Simmons,DJ Bravo,TL Chatara,0,1,,,,1,,,,,
593987,2012/13,2013-03-03,"Sir Vivian Richards Stadium, North Sound",1,5.3,West Indies,Zimbabwe,DJ Bravo,LMP Simmons,TL Chatara,2,0,,,,,,,,,
593987,2012/13,2013-03-03,"Sir Vivian Richards Stadium, North Sound",1,5.4,West Indies,Zimbabwe,DJ Bravo,LMP Simmons,TL Chatara,1,0,,,,,,,,,
593987,2012/13,2013-03-03,"Sir Vivian Richards Stadium, North Sound",1,5.5,West Indies,Zimbabwe,LMP Simmons,DJ Bravo,TL Chatara,1,0,,,,,,,,,
593987,2012/13,2013-03-03,"Sir Vivian Richards Stadium, North Sound",1,5.6,West Indies,Zimbabwe,DJ Bravo,LMP Simmons,TL Chatara,0,1,,1,,,,,,,
593987,2012/13,2013-03-03,"Sir Vivian Richards Stadium, North Sound",1,5.7,West Indies,Zimbabwe,DJ Bravo,LMP Simmons,TL Chatara,4,0,,,,,,,,,
593987,2012/13,2013-03-03,"Sir Vivian Richards Stadium, North Sound",1,6.1,West Indies,Zimbabwe,LMP Simmons,DJ Bravo,P Utseya,1,0,,,,,,,,,
593987,2012/13,2013-03-03,"Sir Vivian Richards Stadium, North Sound",1,6.2,West Indies,Zimbabwe,DJ Bravo,LMP Simmons,P Utseya,1,0,,,,,,,,,
593987,2012/13,2013-03-03,"Sir Vivian Richards Stadium, North Sound",1,6.3,West Indies,Zimbabwe,LMP Simmons,DJ Bravo,P Utseya,1,0,,,,,,,,,
593987,2012/13,2013-03-03,"Sir Vivian Richards Stadium, North Sound",1,6.4,West Indies,Zimbabwe,DJ Bravo,LMP Simmons,P Utseya,1,0,,,,,,,,,
593987,2012/13,2013-03-03,"Sir Vivian Richards Stadium, North Sound",1,6.5,West Indies,Zimbabwe,LMP Simmons,DJ Bravo,P Utseya,1,0,,,,,,,,,
593987,2012/13,2013-03-03,"Sir Vivian Richards Stadium, North Sound",1,6.6,West Indies,Zimbabwe,DJ Bravo,LMP Simmons,P Utseya,1,0,,,,,,,,,
593987,2012/13,2013-03-03,"Sir Vivian Richards Stadium, North Sound",1,7.1,West Indies,Zimbabwe,DJ Bravo,LMP Simmons,N M'shangwe,0,0,,,,,,,,,
593987,2012/13,2013-03-03,"Sir Vivian Richards Stadium, North Sound",1,7.2,West Indies,Zimbabwe,DJ Bravo,LMP Simmons,N M'shangwe,1,0,,,,,,,,,
593987,2012/13,2013-03-03,"Sir Vivian Richards Stadium, North Sound",1,7.3,West Indies,Zimbabwe,LMP Simmons,DJ Bravo,N M'shangwe,1,0,,,,,,,,,
593987,2012/13,2013-03-03,"Sir Vivian Richards Stadium, North Sound",1,7.4,West Indies,Zimbabwe,DJ Bravo,LMP Simmons,N M'shangwe,1,0,,,,,,,,,
593987,2012/13,2013-03-03,"Sir Vivian Richards Stadium, North Sound",1,7.5,West Indies,Zimbabwe,LMP Simmons,DJ Bravo,N M'shangwe,0,0,,,,,,,,,
593987,2012/13,2013-03-03,"Sir Vivian Richards Stadium, North Sound",1,7.6,West Indies,Zimbabwe,LMP Simmons,DJ Bravo,N M'shangwe,1,0,,,,,,,,,
593987,2012/13,2013-03-03,"Sir Vivian Richards Stadium, North Sound",1,8.1,West Indies,Zimbabwe,LMP Simmons,DJ Bravo,CT Mutombodzi,1,0,,,,,,,,,
593987,2012/13,2013-03-03,"Sir Vivian Richards Stadium, North Sound",1,8.2,West Indies,Zimbabwe,DJ Bravo,LMP Simmons,CT Mutombodzi,2,0,,,,,,,,,
593987,2012/13,2013-03-03,"Sir Vivian Richards Stadium, North Sound",1,8.3,West Indies,Zimbabwe,DJ Bravo,LMP Simmons,CT Mutombodzi,0,0,,,,,,,,,
593987,2012/13,2013-03-03,"Sir Vivian Richards Stadium, North Sound",1,8.4,West Indies,Zimbabwe,DJ Bravo,LMP Simmons,CT Mutombodzi,1,0,,,,,,,,,
593987,2012/13,2013-03-03,"Sir Vivian Richards Stadium, North Sound",1,8.5,West Indies,Zimbabwe,LMP Simmons,DJ Bravo,CT Mutombodzi,1,0,,,,,,,,,
593987,2012/13,2013-03-03,"Sir Vivian Richards Stadium, North Sound",1,8.6,West Indies,Zimbabwe,DJ Bravo,LMP Simmons,CT Mutombodzi,1,0,,,,,,,,,
593987,2012/13,2013-03-03,"Sir Vivian Richards Stadium, North Sound",1,9.1,West Indies,Zimbabwe,DJ Bravo,LMP Simmons,N M'shangwe,6,0,,,,,,,,,
593987,2012/13,2013-03-03,"Sir Vivian Richards Stadium, North Sound",1,9.2,West Indies,Zimbabwe,DJ Bravo,LMP Simmons,N M'shangwe,0,0,,,,,,caught,DJ Bravo,,
593987,2012/13,2013-03-03,"Sir Vivian Richards Stadium, North Sound",1,9.3,West Indies,Zimbabwe,CD Barnwell,LMP Simmons,N M'shangwe,2,0,,,,,,,,,
593987,2012/13,2013-03-03,"Sir Vivian Richards Stadium, North Sound",1,9.4,West Indies,Zimbabwe,CD Barnwell,LMP Simmons,N M'shangwe,0,0,,,,,,,,,
593987,2012/13,2013-03-03,"Sir Vivian Richards Stadium, North Sound",1,9.5,West Indies,Zimbabwe,CD Barnwell,LMP Simmons,N M'shangwe,1,0,,,,,,,,,
593987,2012/13,2013-03-03,"Sir Vivian Richards Stadium, North Sound",1,9.6,West Indies,Zimbabwe,LMP Simmons,CD Barnwell,N M'shangwe,0,0,,,,,,,,,
593987,2012/13,2013-03-03,"Sir Vivian Richards Stadium, North Sound",1,10.1,West Indies,Zimbabwe,CD Barnwell,LMP Simmons,CT Mutombodzi,0,0,,,,,,,,,
593987,2012/13,2013-03-03,"Sir Vivian Richards Stadium, North Sound",1,10.2,West Indies,Zimbabwe,CD Barnwell,LMP Simmons,CT Mutombodzi,0,0,,,,,,,,,
593987,2012/13,2013-03-03,"Sir Vivian Richards Stadium, North Sound",1,10.3,West Indies,Zimbabwe,CD Barnwell,LMP Simmons,CT Mutombodzi,1,0,,,,,,,,,
593987,2012/13,2013-03-03,"Sir Vivian Richards Stadium, North Sound",1,10.4,West Indies,Zimbabwe,LMP Simmons,CD Barnwell,CT Mutombodzi,0,0,,,,,,,,,
593987,2012/13,2013-03-03,"Sir Vivian Richards Stadium, North Sound",1,10.5,West Indies,Zimbabwe,LMP Simmons,CD Barnwell,CT Mutombodzi,1,0,,,,,,,,,
593987,2012/13,2013-03-03,"Sir Vivian Richards Stadium, North Sound",1,10.6,West Indies,Zimbabwe,CD Barnwell,LMP Simmons,CT Mutombodzi,0,1,1,,,,,,,,
593987,2012/13,2013-03-03,"Sir Vivian Richards Stadium, North Sound",1,10.7,West Indies,Zimbabwe,CD Barnwell,LMP Simmons,CT Mutombodzi,1,0,,,,,,,,,
593987,2012/13,2013-03-03,"Sir Vivian Richards Stadium, North Sound",1,11.1,West Indies,Zimbabwe,CD Barnwell,LMP Simmons,N M'shangwe,1,0,,,,,,,,,
593987,2012/13,2013-03-03,"Sir Vivian Richards Stadium, North Sound",1,11.2,West Indies,Zimbabwe,LMP Simmons,CD Barnwell,N M'shangwe,2,0,,,,,,,,,
593987,2012/13,2013-03-03,"Sir Vivian Richards Stadium, North Sound",1,11.3,West Indies,Zimbabwe,LMP Simmons,CD Barnwell,N M'shangwe,4,0,,,,,,,,,
593987,2012/13,2013-03-03,"Sir Vivian Richards Stadium, North Sound",1,11.4,West Indies,Zimbabwe,LMP Simmons,CD Barnwell,N M'shangwe,1,0,,,,,,,,,
593987,2012/13,2013-03-03,"Sir Vivian Richards Stadium, North Sound",1,11.5,West Indies,Zimbabwe,CD Barnwell,LMP Simmons,N M'shangwe,1,0,,,,,,,,,
593987,2012/13,2013-03-03,"Sir Vivian Richards Stadium, North Sound",1,11.6,West Indies,Zimbabwe,LMP Simmons,CD Barnwell,N M'shangwe,1,0,,,,,,,,,
593987,2012/13,2013-03-03,"Sir Vivian Richards Stadium, North Sound",1,12.1,West Indies,Zimbabwe,LMP Simmons,CD Barnwell,P Utseya,1,0,,,,,,,,,
593987,2012/13,2013-03-03,"Sir Vivian Richards Stadium, North Sound",1,12.2,West Indies,Zimbabwe,CD Barnwell,LMP Simmons,P Utseya,0,0,,,,,,bowled,CD Barnwell,,
593987,2012/13,2013-03-03,"Sir Vivian Richards Stadium, North Sound",1,12.3,West Indies,Zimbabwe,KA Pollard,LMP Simmons,P Utseya,1,0,,,,,,,,,
593987,2012/13,2013-03-03,"Sir Vivian Richards Stadium, North Sound",1,12.4,West Indies,Zimbabwe,LMP Simmons,KA Pollard,P Utseya,0,1,1,,,,,,,,
593987,2012/13,2013-03-03,"Sir Vivian Richards Stadium, North Sound",1,12.5,West Indies,Zimbabwe,LMP Simmons,KA Pollard,P Utseya,0,0,,,,,,,,,
593987,2012/13,2013-03-03,"Sir Vivian Richards Stadium, North Sound",1,12.6,West Indies,Zimbabwe,LMP Simmons,KA Pollard,P Utseya,0,0,,,,,,,,,
593987,2012/13,2013-03-03,"Sir Vivian Richards Stadium, North Sound",1,12.7,West Indies,Zimbabwe,LMP Simmons,KA Pollard,P Utseya,1,0,,,,,,,,,
593987,2012/13,2013-03-03,"Sir Vivian Richards Stadium, North Sound",1,13.1,West Indies,Zimbabwe,LMP Simmons,KA Pollard,N M'shangwe,1,0,,,,,,,,,
593987,2012/13,2013-03-03,"Sir Vivian Richards Stadium, North Sound",1,13.2,West Indies,Zimbabwe,KA Pollard,LMP Simmons,N M'shangwe,1,0,,,,,,,,,
593987,2012/13,2013-03-03,"Sir Vivian Richards Stadium, North Sound",1,13.3,West Indies,Zimbabwe,LMP Simmons,KA Pollard,N M'shangwe,1,0,,,,,,,,,
593987,2012/13,2013-03-03,"Sir Vivian Richards Stadium, North Sound",1,13.4,West Indies,Zimbabwe,KA Pollard,LMP Simmons,N M'shangwe,1,0,,,,,,,,,
593987,2012/13,2013-03-03,"Sir Vivian Richards Stadium, North Sound",1,13.5,West Indies,Zimbabwe,LMP Simmons,KA Pollard,N M'shangwe,6,0,,,,,,,,,
593987,2012/13,2013-03-03,"Sir Vivian Richards Stadium, North Sound",1,13.6,West Indies,Zimbabwe,LMP Simmons,KA Pollard,N M'shangwe,0,0,,,,,,caught,LMP Simmons,,
593987,2012/13,2013-03-03,"Sir Vivian Richards Stadium, North Sound",1,14.1,West Indies,Zimbabwe,KA Pollard,DJG Sammy,CT Mutombodzi,1,0,,,,,,,,,
593987,2012/13,2013-03-03,"Sir Vivian Richards Stadium, North Sound",1,14.2,West Indies,Zimbabwe,DJG Sammy,KA Pollard,CT Mutombodzi,1,0,,,,,,,,,
593987,2012/13,2013-03-03,"Sir Vivian Richards Stadium, North Sound",1,14.3,West Indies,Zimbabwe,KA Pollard,DJG Sammy,CT Mutombodzi,4,0,,,,,,,,,
593987,2012/13,2013-03-03,"Sir Vivian Richards Stadium, North Sound",1,14.4,West Indies,Zimbabwe,KA Pollard,DJG Sammy,CT Mutombodzi,1,0,,,,,,,,,
593987,2012/13,2013-03-03,"Sir Vivian Richards Stadium, North Sound",1,14.5,West Indies,Zimbabwe,DJG Sammy,KA Pollard,CT Mutombodzi,0,0,,,,,,,,,
593987,2012/13,2013-03-03,"Sir Vivian Richards Stadium, North Sound",1,14.6,West Indies,Zimbabwe,DJG Sammy,KA Pollard,CT Mutombodzi,0,0,,,,,,,,,
593987,2012/13,2013-03-03,"Sir Vivian Richards Stadium, North Sound",1,15.1,West Indies,Zimbabwe,KA Pollard,DJG Sammy,CB Mpofu,1,0,,,,,,,,,
593987,2012/13,2013-03-03,"Sir Vivian Richards Stadium, North Sound",1,15.2,West Indies,Zimbabwe,DJG Sammy,KA Pollard,CB Mpofu,1,0,,,,,,,,,
593987,2012/13,2013-03-03,"Sir Vivian Richards Stadium, North Sound",1,15.3,West Indies,Zimbabwe,KA Pollard,DJG Sammy,CB Mpofu,1,0,,,,,,,,,
593987,2012/13,2013-03-03,"Sir Vivian Richards Stadium, North Sound",1,15.4,West Indies,Zimbabwe,DJG Sammy,KA Pollard,CB Mpofu,0,1,1,,,,,,,,
593987,2012/13,2013-03-03,"Sir Vivian Richards Stadium, North Sound",1,15.5,West Indies,Zimbabwe,DJG Sammy,KA Pollard,CB Mpofu,6,0,,,,,,,,,
593987,2012/13,2013-03-03,"Sir Vivian Richards Stadium, North Sound",1,15.6,West Indies,Zimbabwe,DJG Sammy,KA Pollard,CB Mpofu,1,0,,,,,,,,,
593987,2012/13,2013-03-03,"Sir Vivian Richards Stadium, North Sound",1,15.7,West Indies,Zimbabwe,KA Pollard,DJG Sammy,CB Mpofu,1,0,,,,,,,,,
593987,2012/13,2013-03-03,"Sir Vivian Richards Stadium, North Sound",1,16.1,West Indies,Zimbabwe,KA Pollard,DJG Sammy,P Utseya,1,0,,,,,,,,,
593987,2012/13,2013-03-03,"Sir Vivian Richards Stadium, North Sound",1,16.2,West Indies,Zimbabwe,DJG Sammy,KA Pollard,P Utseya,4,0,,,,,,,,,
593987,2012/13,2013-03-03,"Sir Vivian Richards Stadium, North Sound",1,16.3,West Indies,Zimbabwe,DJG Sammy,KA Pollard,P Utseya,1,0,,,,,,,,,
593987,2012/13,2013-03-03,"Sir Vivian Richards Stadium, North Sound",1,16.4,West Indies,Zimbabwe,KA Pollard,DJG Sammy,P Utseya,1,0,,,,,,,,,
593987,2012/13,2013-03-03,"Sir Vivian Richards Stadium, North Sound",1,16.5,West Indies,Zimbabwe,DJG Sammy,KA Pollard,P Utseya,0,2,2,,,,,,,,
593987,2012/13,2013-03-03,"Sir Vivian Richards Stadium, North Sound",1,16.6,West Indies,Zimbabwe,KA Pollard,DJG Sammy,P Utseya,1,0,,,,,,,,,
593987,2012/13,2013-03-03,"Sir Vivian Richards Stadium, North Sound",1,16.7,West Indies,Zimbabwe,DJG Sammy,KA Pollard,P Utseya,0,0,,,,,,,,,
593987,2012/13,2013-03-03,"Sir Vivian Richards Stadium, North Sound",1,17.1,West Indies,Zimbabwe,KA Pollard,DJG Sammy,TL Chatara,6,0,,,,,,,,,
593987,2012/13,2013-03-03,"Sir Vivian Richards Stadium, North Sound",1,17.2,West Indies,Zimbabwe,KA Pollard,DJG Sammy,TL Chatara,0,1,1,,,,,,,,
593987,2012/13,2013-03-03,"Sir Vivian Richards Stadium, North Sound",1,17.3,West Indies,Zimbabwe,KA Pollard,DJG Sammy,TL Chatara,6,0,,,,,,,,,
593987,2012/13,2013-03-03,"Sir Vivian Richards Stadium, North Sound",1,17.4,West Indies,Zimbabwe,KA Pollard,DJG Sammy,TL Chatara,4,0,,,,,,,,,
593987,2012/13,2013-03-03,"Sir Vivian Richards Stadium, North Sound",1,17.5,West Indies,Zimbabwe,KA Pollard,DJG Sammy,TL Chatara,1,0,,,,,,,,,
593987,2012/13,2013-03-03,"Sir Vivian Richards Stadium, North Sound",1,17.6,West Indies,Zimbabwe,DJG Sammy,KA Pollard,TL Chatara,1,0,,,,,,,,,
593987,2012/13,2013-03-03,"Sir Vivian Richards Stadium, North Sound",1,17.7,West Indies,Zimbabwe,KA Pollard,DJG Sammy,TL Chatara,4,0,,,,,,,,,
593987,2012/13,2013-03-03,"Sir Vivian Richards Stadium, North Sound",1,18.1,West Indies,Zimbabwe,DJG Sammy,KA Pollard,CT Mutombodzi,4,0,,,,,,,,,
593987,2012/13,2013-03-03,"Sir Vivian Richards Stadium, North Sound",1,18.2,West Indies,Zimbabwe,DJG Sammy,KA Pollard,CT Mutombodzi,0,0,,,,,,caught,DJG Sammy,,
593987,2012/13,2013-03-03,"Sir Vivian Richards Stadium, North Sound",1,18.3,West Indies,Zimbabwe,KA Pollard,AD Russell,CT Mutombodzi,1,0,,,,,,,,,
593987,2012/13,2013-03-03,"Sir Vivian Richards Stadium, North Sound",1,18.4,West Indies,Zimbabwe,AD Russell,KA Pollard,CT Mutombodzi,0,0,,,,,,caught,AD Russell,,
593987,2012/13,2013-03-03,"Sir Vivian Richards Stadium, North Sound",1,18.5,West Indies,Zimbabwe,KA Pollard,D Ramdin,CT Mutombodzi,0,0,,,,,,,,,
593987,2012/13,2013-03-03,"Sir Vivian Richards Stadium, North Sound",1,18.6,West Indies,Zimbabwe,KA Pollard,D Ramdin,CT Mutombodzi,6,0,,,,,,,,,
593987,2012/13,2013-03-03,"Sir Vivian Richards Stadium, North Sound",1,19.1,West Indies,Zimbabwe,D Ramdin,KA Pollard,CB Mpofu,0,0,,,,,,bowled,D Ramdin,,
593987,2012/13,2013-03-03,"Sir Vivian Richards Stadium, North Sound",1,19.2,West Indies,Zimbabwe,SP Narine,KA Pollard,CB Mpofu,1,0,,,,,,,,,
593987,2012/13,2013-03-03,"Sir Vivian Richards Stadium, North Sound",1,19.3,West Indies,Zimbabwe,KA Pollard,SP Narine,CB Mpofu,0,0,,,,,,,,,
593987,2012/13,2013-03-03,"Sir Vivian Richards Stadium, North Sound",1,19.4,West Indies,Zimbabwe,KA Pollard,SP Narine,CB Mpofu,2,0,,,,,,,,,
593987,2012/13,2013-03-03,"Sir Vivian Richards Stadium, North Sound",1,19.5,West Indies,Zimbabwe,KA Pollard,SP Narine,CB Mpofu,0,0,,,,,,,,,
593987,2012/13,2013-03-03,"Sir Vivian Richards Stadium, North Sound",1,19.6,West Indies,Zimbabwe,KA Pollard,SP Narine,CB Mpofu,0,0,,,,,,,,,
593987,2012/13,2013-03-03,"Sir Vivian Richards Stadium, North Sound",2,0.1,Zimbabwe,West Indies,CJ Chibhabha,V Sibanda,ST Gabriel,1,0,,,,,,,,,
593987,2012/13,2013-03-03,"Sir Vivian Richards Stadium, North Sound",2,0.2,Zimbabwe,West Indies,V Sibanda,CJ Chibhabha,ST Gabriel,1,0,,,,,,,,,
593987,2012/13,2013-03-03,"Sir Vivian Richards Stadium, North Sound",2,0.3,Zimbabwe,West Indies,CJ Chibhabha,V Sibanda,ST Gabriel,4,0,,,,,,,,,
593987,2012/13,2013-03-03,"Sir Vivian Richards Stadium, North Sound",2,0.4,Zimbabwe,West Indies,CJ Chibhabha,V Sibanda,ST Gabriel,0,0,,,,,,,,,
593987,2012/13,2013-03-03,"Sir Vivian Richards Stadium, North Sound",2,0.5,Zimbabwe,West Indies,CJ Chibhabha,V Sibanda,ST Gabriel,0,0,,,,,,,,,
593987,2012/13,2013-03-03,"Sir Vivian Richards Stadium, North Sound",2,0.6,Zimbabwe,West Indies,CJ Chibhabha,V Sibanda,ST Gabriel,1,0,,,,,,,,,
593987,2012/13,2013-03-03,"Sir Vivian Richards Stadium, North Sound",2,1.1,Zimbabwe,West Indies,CJ Chibhabha,V Sibanda,S Badree,0,0,,,,,,,,,
593987,2012/13,2013-03-03,"Sir Vivian Richards Stadium, North Sound",2,1.2,Zimbabwe,West Indies,CJ Chibhabha,V Sibanda,S Badree,0,0,,,,,,,,,
593987,2012/13,2013-03-03,"Sir Vivian Richards Stadium, North Sound",2,1.3,Zimbabwe,West Indies,CJ Chibhabha,V Sibanda,S Badree,4,0,,,,,,,,,
593987,2012/13,2013-03-03,"Sir Vivian Richards Stadium, North Sound",2,1.4,Zimbabwe,West Indies,CJ Chibhabha,V Sibanda,S Badree,0,0,,,,,,,,,
593987,2012/13,2013-03-03,"Sir Vivian Richards Stadium, North Sound",2,1.5,Zimbabwe,West Indies,CJ Chibhabha,V Sibanda,S Badree,1,0,,,,,,,,,
593987,2012/13,2013-03-03,"Sir Vivian Richards Stadium, North Sound",2,1.6,Zimbabwe,West Indies,V Sibanda,CJ Chibhabha,S Badree,0,0,,,,,,,,,
593987,2012/13,2013-03-03,"Sir Vivian Richards Stadium, North Sound",2,2.1,Zimbabwe,West Indies,CJ Chibhabha,V Sibanda,ST Gabriel,0,0,,,,,,,,,
593987,2012/13,2013-03-03,"Sir Vivian Richards Stadium, North Sound",2,2.2,Zimbabwe,West Indies,CJ Chibhabha,V Sibanda,ST Gabriel,0,0,,,,,,,,,
593987,2012/13,2013-03-03,"Sir Vivian Richards Stadium, North Sound",2,2.3,Zimbabwe,West Indies,CJ Chibhabha,V Sibanda,ST Gabriel,2,0,,,,,,,,,
593987,2012/13,2013-03-03,"Sir Vivian Richards Stadium, North Sound",2,2.4,Zimbabwe,West Indies,CJ Chibhabha,V Sibanda,ST Gabriel,0,1,,,,1,,,,,
593987,2012/13,2013-03-03,"Sir Vivian Richards Stadium, North Sound",2,2.5,Zimbabwe,West Indies,V Sibanda,CJ Chibhabha,ST Gabriel,0,0,,,,,,,,,
593987,2012/13,2013-03-03,"Sir Vivian Richards Stadium, North Sound",2,2.6,Zimbabwe,West Indies,V Sibanda,CJ Chibhabha,ST Gabriel,2,0,,,,,,,,,
593987,2012/13,2013-03-03,"Sir Vivian Richards Stadium, North Sound",2,3.1,Zimbabwe,West Indies,CJ Chibhabha,V Sibanda,S Badree,0,0,,,,,,bowled,CJ Chibhabha,,
593987,2012/13,2013-03-03,"Sir Vivian Richards Stadium, North Sound",2,3.2,Zimbabwe,West Indies,H Masakadza,V Sibanda,S Badree,0,0,,,,,,,,,
593987,2012/13,2013-03-03,"Sir Vivian Richards Stadium, North Sound",2,3.3,Zimbabwe,West Indies,H Masakadza,V Sibanda,S Badree,1,0,,,,,,,,,
593987,2012/13,2013-03-03,"Sir Vivian Richards Stadium, North Sound",2,3.4,Zimbabwe,West Indies,V Sibanda,H Masakadza,S Badree,1,0,,,,,,,,,
593987,2012/13,2013-03-03,"Sir Vivian Richards Stadium, North Sound",2,3.5,Zimbabwe,West Indies,H Masakadza,V Sibanda,S Badree,0,0,,,,,,,,,
593987,2012/13,2013-03-03,"Sir Vivian Richards Stadium, North Sound",2,3.6,Zimbabwe,West Indies,H Masakadza,V Sibanda,S Badree,1,0,,,,,,,,,
593987,2012/13,2013-03-03,"Sir Vivian Richards Stadium, North Sound",2,4.1,Zimbabwe,West Indies,H Masakadza,V Sibanda,ST Gabriel,0,0,,,,,,,,,
593987,2012/13,2013-03-03,"Sir Vivian Richards Stadium, North Sound",2,4.2,Zimbabwe,West Indies,H Masakadza,V Sibanda,ST Gabriel,1,0,,,,,,,,,
593987,2012/13,2013-03-03,"Sir Vivian Richards Stadium, North Sound",2,4.3,Zimbabwe,West Indies,V Sibanda,H Masakadza,ST Gabriel,0,1,,,,1,,,,,
593987,2012/13,2013-03-03,"Sir Vivian Richards Stadium, North Sound",2,4.4,Zimbabwe,West Indies,H Masakadza,V Sibanda,ST Gabriel,0,0,,,,,,,,,
593987,2012/13,2013-03-03,"Sir Vivian Richards Stadium, North Sound",2,4.5,Zimbabwe,West Indies,H Masakadza,V Sibanda,ST Gabriel,0,0,,,,,,,,,
593987,2012/13,2013-03-03,"Sir Vivian Richards Stadium, North Sound",2,4.6,Zimbabwe,West Indies,H Masakadza,V Sibanda,ST Gabriel,0,0,,,,,,,,,
593987,2012/13,2013-03-03,"Sir Vivian Richards Stadium, North Sound",2,5.1,Zimbabwe,West Indies,V Sibanda,H Masakadza,S Badree,1,0,,,,,,,,,
593987,2012/13,2013-03-03,"Sir Vivian Richards Stadium, North Sound",2,5.2,Zimbabwe,West Indies,H Masakadza,V Sibanda,S Badree,1,0,,,,,,,,,
593987,2012/13,2013-03-03,"Sir Vivian Richards Stadium, North Sound",2,5.3,Zimbabwe,West Indies,V Sibanda,H Masakadza,S Badree,0,1,1,,,,,,,,
593987,2012/13,2013-03-03,"Sir Vivian Richards Stadium, North Sound",2,5.4,Zimbabwe,West Indies,V Sibanda,H Masakadza,S Badree,0,0,,,,,,caught,V Sibanda,,
593987,2012/13,2013-03-03,"Sir Vivian Richards Stadium, North Sound",2,5.5,Zimbabwe,West Indies,BRM Taylor,H Masakadza,S Badree,1,0,,,,,,,,,
593987,2012/13,2013-03-03,"Sir Vivian Richards Stadium, North Sound",2,5.6,Zimbabwe,West Indies,H Masakadza,BRM Taylor,S Badree,0,0,,,,,,,,,
593987,2012/13,2013-03-03,"Sir Vivian Richards Stadium, North Sound",2,5.7,Zimbabwe,West Indies,H Masakadza,BRM Taylor,S Badree,0,0,,,,,,,,,
593987,2012/13,2013-03-03,"Sir Vivian Richards Stadium, North Sound",2,6.1,Zimbabwe,West Indies,BRM Taylor,H Masakadza,DJG Sammy,1,0,,,,,,,,,
593987,2012/13,2013-03-03,"Sir Vivian Richards Stadium, North Sound",2,6.2,Zimbabwe,West Indies,H Masakadza,BRM Taylor,DJG Sammy,1,0,,,,,,,,,
593987,2012/13,2013-03-03,"Sir Vivian Richards Stadium, North Sound",2,6.3,Zimbabwe,West Indies,BRM Taylor,H Masakadza,DJG Sammy,1,0,,,,,,,,,
593987,2012/13,2013-03-03,"Sir Vivian Richards Stadium, North Sound",2,6.4,Zimbabwe,West Indies,H Masakadza,BRM Taylor,DJG Sammy,1,0,,,,,,,,,
593987,2012/13,2013-03-03,"Sir Vivian Richards Stadium, North Sound",2,6.5,Zimbabwe,West Indies,BRM Taylor,H Masakadza,DJG Sammy,1,0,,,,,,,,,
593987,2012/13,2013-03-03,"Sir Vivian Richards Stadium, North Sound",2,6.6,Zimbabwe,West Indies,H Masakadza,BRM Taylor,DJG Sammy,1,0,,,,,,,,,
593987,2012/13,2013-03-03,"Sir Vivian Richards Stadium, North Sound",2,7.1,Zimbabwe,West Indies,H Masakadza,BRM Taylor,S Badree,1,0,,,,,,,,,
593987,2012/13,2013-03-03,"Sir Vivian Richards Stadium, North Sound",2,7.2,Zimbabwe,West Indies,BRM Taylor,H Masakadza,S Badree,0,0,,,,,,caught,BRM Taylor,,
593987,2012/13,2013-03-03,"Sir Vivian Richards Stadium, North Sound",2,7.3,Zimbabwe,West Indies,CR Ervine,H Masakadza,S Badree,1,0,,,,,,,,,
593987,2012/13,2013-03-03,"Sir Vivian Richards Stadium, North Sound",2,7.4,Zimbabwe,West Indies,H Masakadza,CR Ervine,S Badree,1,0,,,,,,,,,
593987,2012/13,2013-03-03,"Sir Vivian Richards Stadium, North Sound",2,7.5,Zimbabwe,West Indies,CR Ervine,H Masakadza,S Badree,1,0,,,,,,,,,
593987,2012/13,2013-03-03,"Sir Vivian Richards Stadium, North Sound",2,7.6,Zimbabwe,West Indies,H Masakadza,CR Ervine,S Badree,1,0,,,,,,,,,
593987,2012/13,2013-03-03,"Sir Vivian Richards Stadium, North Sound",2,8.1,Zimbabwe,West Indies,H Masakadza,CR Ervine,DJG Sammy,1,0,,,,,,,,,
593987,2012/13,2013-03-03,"Sir Vivian Richards Stadium, North Sound",2,8.2,Zimbabwe,West Indies,CR Ervine,H Masakadza,DJG Sammy,1,0,,,,,,,,,
593987,2012/13,2013-03-03,"Sir Vivian Richards Stadium, North Sound",2,8.3,Zimbabwe,West Indies,H Masakadza,CR Ervine,DJG Sammy,1,0,,,,,,,,,
593987,2012/13,2013-03-03,"Sir Vivian Richards Stadium, North Sound",2,8.4,Zimbabwe,West Indies,CR Ervine,H Masakadza,DJG Sammy,4,0,,,,,,,,,
593987,2012/13,2013-03-03,"Sir Vivian Richards Stadium, North Sound",2,8.5,Zimbabwe,West Indies,CR Ervine,H Masakadza,DJG Sammy,0,0,,,,,,,,,
593987,2012/13,2013-03-03,"Sir Vivian Richards Stadium, North Sound",2,8.6,Zimbabwe,West Indies,CR Ervine,H Masakadza,DJG Sammy,0,0,,,,,,,,,
593987,2012/13,2013-03-03,"Sir Vivian Richards Stadium, North Sound",2,9.1,Zimbabwe,West Indies,H Masakadza,CR Ervine,SP Narine,1,0,,,,,,,,,
593987,2012/13,2013-03-03,"Sir Vivian Richards Stadium, North Sound",2,9.2,Zimbabwe,West Indies,CR Ervine,H Masakadza,SP Narine,1,0,,,,,,,,,
593987,2012/13,2013-03-03,"Sir Vivian Richards Stadium, North Sound",2,9.3,Zimbabwe,West Indies,H Masakadza,CR Ervine,SP Narine,1,0,,,,,,,,,
593987,2012/13,2013-03-03,"Sir Vivian Richards Stadium, North Sound",2,9.4,Zimbabwe,West Indies,CR Ervine,H Masakadza,SP Narine,1,0,,,,,,,,,
593987,2012/13,2013-03-03,"Sir Vivian Richards Stadium, North Sound",2,9.5,Zimbabwe,West Indies,H Masakadza,CR Ervine,SP Narine,0,0,,,,,,,,,
593987,2012/13,2013-03-03,"Sir Vivian Richards Stadium, North Sound",2,9.6,Zimbabwe,West Indies,H Masakadza,CR Ervine,SP Narine,4,0,,,,,,,,,
593987,2012/13,2013-03-03,"Sir Vivian Richards Stadium, North Sound",2,10.1,Zimbabwe,West Indies,CR Ervine,H Masakadza,DJ Bravo,0,0,,,,,,,,,
593987,2012/13,2013-03-03,"Sir Vivian Richards Stadium, North Sound",2,10.2,Zimbabwe,West Indies,CR Ervine,H Masakadza,DJ Bravo,0,0,,,,,,,,,
593987,2012/13,2013-03-03,"Sir Vivian Richards Stadium, North Sound",2,10.3,Zimbabwe,West Indies,CR Ervine,H Masakadza,DJ Bravo,3,0,,,,,,,,,
593987,2012/13,2013-03-03,"Sir Vivian Richards Stadium, North Sound",2,10.4,Zimbabwe,West Indies,H Masakadza,CR Ervine,DJ Bravo,1,0,,,,,,,,,
593987,2012/13,2013-03-03,"Sir Vivian Richards Stadium, North Sound",2,10.5,Zimbabwe,West Indies,CR Ervine,H Masakadza,DJ Bravo,1,0,,,,,,,,,
593987,2012/13,2013-03-03,"Sir Vivian Richards Stadium, North Sound",2,10.6,Zimbabwe,West Indies,H Masakadza,CR Ervine,DJ Bravo,1,0,,,,,,,,,
593987,2012/13,2013-03-03,"Sir Vivian Richards Stadium, North Sound",2,11.1,Zimbabwe,West Indies,H Masakadza,CR Ervine,SP Narine,0,0,,,,,,,,,
593987,2012/13,2013-03-03,"Sir Vivian Richards Stadium, North Sound",2,11.2,Zimbabwe,West Indies,H Masakadza,CR Ervine,SP Narine,4,0,,,,,,,,,
593987,2012/13,2013-03-03,"Sir Vivian Richards Stadium, North Sound",2,11.3,Zimbabwe,West Indies,H Masakadza,CR Ervine,SP Narine,1,0,,,,,,,,,
593987,2012/13,2013-03-03,"Sir Vivian Richards Stadium, North Sound",2,11.4,Zimbabwe,West Indies,CR Ervine,H Masakadza,SP Narine,1,0,,,,,,,,,
593987,2012/13,2013-03-03,"Sir Vivian Richards Stadium, North Sound",2,11.5,Zimbabwe,West Indies,H Masakadza,CR Ervine,SP Narine,0,0,,,,,,,,,
593987,2012/13,2013-03-03,"Sir Vivian Richards Stadium, North Sound",2,11.6,Zimbabwe,West Indies,H Masakadza,CR Ervine,SP Narine,0,0,,,,,,,,,
593987,2012/13,2013-03-03,"Sir Vivian Richards Stadium, North Sound",2,12.1,Zimbabwe,West Indies,CR Ervine,H Masakadza,DJ Bravo,1,0,,,,,,,,,
593987,2012/13,2013-03-03,"Sir Vivian Richards Stadium, North Sound",2,12.2,Zimbabwe,West Indies,H Masakadza,CR Ervine,DJ Bravo,2,0,,,,,,,,,
593987,2012/13,2013-03-03,"Sir Vivian Richards Stadium, North Sound",2,12.3,Zimbabwe,West Indies,H Masakadza,CR Ervine,DJ Bravo,1,0,,,,,,,,,
593987,2012/13,2013-03-03,"Sir Vivian Richards Stadium, North Sound",2,12.4,Zimbabwe,West Indies,CR Ervine,H Masakadza,DJ Bravo,0,0,,,,,,,,,
593987,2012/13,2013-03-03,"Sir Vivian Richards Stadium, North Sound",2,12.5,Zimbabwe,West Indies,CR Ervine,H Masakadza,DJ Bravo,0,0,,,,,,caught and bowled,CR Ervine,,
593987,2012/13,2013-03-03,"Sir Vivian Richards Stadium, North Sound",2,12.6,Zimbabwe,West Indies,H Masakadza,MN Waller,DJ Bravo,1,0,,,,,,,,,
593987,2012/13,2013-03-03,"Sir Vivian Richards Stadium, North Sound",2,13.1,Zimbabwe,West Indies,H Masakadza,MN Waller,SP Narine,1,0,,,,,,,,,
593987,2012/13,2013-03-03,"Sir Vivian Richards Stadium, North Sound",2,13.2,Zimbabwe,West Indies,MN Waller,H Masakadza,SP Narine,0,0,,,,,,,,,
593987,2012/13,2013-03-03,"Sir Vivian Richards Stadium, North Sound",2,13.3,Zimbabwe,West Indies,MN Waller,H Masakadza,SP Narine,1,0,,,,,,,,,
593987,2012/13,2013-03-03,"Sir Vivian Richards Stadium, North Sound",2,13.4,Zimbabwe,West Indies,H Masakadza,MN Waller,SP Narine,1,0,,,,,,,,,
593987,2012/13,2013-03-03,"Sir Vivian Richards Stadium, North Sound",2,13.5,Zimbabwe,West Indies,MN Waller,H Masakadza,SP Narine,0,0,,,,,,,,,
593987,2012/13,2013-03-03,"Sir Vivian Richards Stadium, North Sound",2,13.6,Zimbabwe,West Indies,MN Waller,H Masakadza,SP Narine,1,0,,,,,,,,,
593987,2012/13,2013-03-03,"Sir Vivian Richards Stadium, North Sound",2,14.1,Zimbabwe,West Indies,MN Waller,H Masakadza,AD Russell,1,0,,,,,,,,,
593987,2012/13,2013-03-03,"Sir Vivian Richards Stadium, North Sound",2,14.2,Zimbabwe,West Indies,H Masakadza,MN Waller,AD Russell,0,0,,,,,,,,,
593987,2012/13,2013-03-03,"Sir Vivian Richards Stadium, North Sound",2,14.3,Zimbabwe,West Indies,H Masakadza,MN Waller,AD Russell,1,0,,,,,,,,,
593987,2012/13,2013-03-03,"Sir Vivian Richards Stadium, North Sound",2,14.4,Zimbabwe,West Indies,MN Waller,H Masakadza,AD Russell,1,0,,,,,,,,,
593987,2012/13,2013-03-03,"Sir Vivian Richards Stadium, North Sound",2,14.5,Zimbabwe,West Indies,H Masakadza,MN Waller,AD Russell,4,0,,,,,,,,,
593987,2012/13,2013-03-03,"Sir Vivian Richards Stadium, North Sound",2,14.6,Zimbabwe,West Indies,H Masakadza,MN Waller,AD Russell,4,0,,,,,,,,,
593987,2012/13,2013-03-03,"Sir Vivian Richards Stadium, North Sound",2,15.1,Zimbabwe,West Indies,MN Waller,H Masakadza,KA Pollard,0,0,,,,,,,,,
593987,2012/13,2013-03-03,"Sir Vivian Richards Stadium, North Sound",2,15.2,Zimbabwe,West Indies,MN Waller,H Masakadza,KA Pollard,1,0,,,,,,,,,
593987,2012/13,2013-03-03,"Sir Vivian Richards Stadium, North Sound",2,15.3,Zimbabwe,West Indies,H Masakadza,MN Waller,KA Pollard,0,1,1,,,,,,,,
593987,2012/13,2013-03-03,"Sir Vivian Richards Stadium, North Sound",2,15.4,Zimbabwe,West Indies,H Masakadza,MN Waller,KA Pollard,0,1,,,,1,,,,,
593987,2012/13,2013-03-03,"Sir Vivian Richards Stadium, North Sound",2,15.5,Zimbabwe,West Indies,MN Waller,H Masakadza,KA Pollard,1,0,,,,,,,,,
593987,2012/13,2013-03-03,"Sir Vivian Richards Stadium, North Sound",2,15.6,Zimbabwe,West Indies,H Masakadza,MN Waller,KA Pollard,0,0,,,,,,,,,
593987,2012/13,2013-03-03,"Sir Vivian Richards Stadium, North Sound",2,15.7,Zimbabwe,West Indies,H Masakadza,MN Waller,KA Pollard,2,0,,,,,,,,,
593987,2012/13,2013-03-03,"Sir Vivian Richards Stadium, North Sound",2,16.1,Zimbabwe,West Indies,MN Waller,H Masakadza,DJ Bravo,1,0,,,,,,run out,MN Waller,,
593987,2012/13,2013-03-03,"Sir Vivian Richards Stadium, North Sound",2,16.2,Zimbabwe,West Indies,CT Mutombodzi,H Masakadza,DJ Bravo,0,1,1,,,,,,,,
593987,2012/13,2013-03-03,"Sir Vivian Richards Stadium, North Sound",2,16.3,Zimbabwe,West Indies,CT Mutombodzi,H Masakadza,DJ Bravo,0,0,,,,,,,,,
593987,2012/13,2013-03-03,"Sir Vivian Richards Stadium, North Sound",2,16.4,Zimbabwe,West Indies,CT Mutombodzi,H Masakadza,DJ Bravo,1,0,,,,,,,,,
593987,2012/13,2013-03-03,"Sir Vivian Richards Stadium, North Sound",2,16.5,Zimbabwe,West Indies,H Masakadza,CT Mutombodzi,DJ Bravo,0,0,,,,,,,,,
593987,2012/13,2013-03-03,"Sir Vivian Richards Stadium, North Sound",2,16.6,Zimbabwe,West Indies,H Masakadza,CT Mutombodzi,DJ Bravo,1,0,,,,,,,,,
593987,2012/13,2013-03-03,"Sir Vivian Richards Stadium, North Sound",2,16.7,Zimbabwe,West Indies,CT Mutombodzi,H Masakadza,DJ Bravo,0,0,,,,,,caught and bowled,CT Mutombodzi,,
593987,2012/13,2013-03-03,"Sir Vivian Richards Stadium, North Sound",2,17.1,Zimbabwe,West Indies,P Utseya,H Masakadza,SP Narine,0,0,,,,,,,,,
593987,2012/13,2013-03-03,"Sir Vivian Richards Stadium, North Sound",2,17.2,Zimbabwe,West Indies,P Utseya,H Masakadza,SP Narine,0,0,,,,,,,,,
593987,2012/13,2013-03-03,"Sir Vivian Richards Stadium, North Sound",2,17.3,Zimbabwe,West Indies,P Utseya,H Masakadza,SP Narine,4,0,,,,,,,,,
593987,2012/13,2013-03-03,"Sir Vivian Richards Stadium, North Sound",2,17.4,Zimbabwe,West Indies,P Utseya,H Masakadza,SP Narine,0,0,,,,,,,,,
593987,2012/13,2013-03-03,"Sir Vivian Richards Stadium, North Sound",2,17.5,Zimbabwe,West Indies,P Utseya,H Masakadza,SP Narine,0,0,,,,,,,,,
593987,2012/13,2013-03-03,"Sir Vivian Richards Stadium, North Sound",2,17.6,Zimbabwe,West Indies,P Utseya,H Masakadza,SP Narine,0,1,,,,1,,,,,
593987,2012/13,2013-03-03,"Sir Vivian Richards Stadium, North Sound",2,18.1,Zimbabwe,West Indies,P Utseya,H Masakadza,AD Russell,0,0,,,,,,,,,
593987,2012/13,2013-03-03,"Sir Vivian Richards Stadium, North Sound",2,18.2,Zimbabwe,West Indies,P Utseya,H Masakadza,AD Russell,1,0,,,,,,,,,
593987,2012/13,2013-03-03,"Sir Vivian Richards Stadium, North Sound",2,18.3,Zimbabwe,West Indies,H Masakadza,P Utseya,AD Russell,0,0,,,,,,,,,
593987,2012/13,2013-03-03,"Sir Vivian Richards Stadium, North Sound",2,18.4,Zimbabwe,West Indies,H Masakadza,P Utseya,AD Russell,4,0,,,,,,,,,
593987,2012/13,2013-03-03,"Sir Vivian Richards Stadium, North Sound",2,18.5,Zimbabwe,West Indies,H Masakadza,P Utseya,AD Russell,4,0,,,,,,,,,
593987,2012/13,2013-03-03,"Sir Vivian Richards Stadium, North Sound",2,18.6,Zimbabwe,West Indies,H Masakadza,P Utseya,AD Russell,0,1,1,,,,,,,,
593987,2012/13,2013-03-03,"Sir Vivian Richards Stadium, North Sound",2,18.7,Zimbabwe,West Indies,H Masakadza,P Utseya,AD Russell,0,0,,,,,,,,,
593987,2012/13,2013-03-03,"Sir Vivian Richards Stadium, North Sound",2,19.1,Zimbabwe,West Indies,P Utseya,H Masakadza,CD Barnwell,1,0,,,,,,,,,
593987,2012/13,2013-03-03,"Sir Vivian Richards Stadium, North Sound",2,19.2,Zimbabwe,West Indies,H Masakadza,P Utseya,CD Barnwell,1,0,,,,,,,,,
593987,2012/13,2013-03-03,"Sir Vivian Richards Stadium, North Sound",2,19.3,Zimbabwe,West Indies,P Utseya,H Masakadza,CD Barnwell,4,0,,,,,,,,,
593987,2012/13,2013-03-03,"Sir Vivian Richards Stadium, North Sound",2,19.4,Zimbabwe,West Indies,P Utseya,H Masakadza,CD Barnwell,0,0,,,,,,,,,
593987,2012/13,2013-03-03,"Sir Vivian Richards Stadium, North Sound",2,19.5,Zimbabwe,West Indies,P Utseya,H Masakadza,CD Barnwell,1,0,,,,,,,,,
593987,2012/13,2013-03-03,"Sir Vivian Richards Stadium, North Sound",2,19.6,Zimbabwe,West Indies,H Masakadza,P Utseya,CD Barnwell,1,0,,,,,,,,,
