match_id,season,start_date,venue,innings,ball,batting_team,bowling_team,striker,non_striker,bowler,runs_off_bat,extras,wides,noballs,byes,legbyes,penalty,wicket_type,player_dismissed,other_wicket_type,other_player_dismissed
963699,2015/16,2016-02-12,JSCA International Stadium Complex,1,0.1,India,Sri Lanka,RG Sharma,S Dhawan,CAK Rajitha,4,0,,,,,,,,,
963699,2015/16,2016-02-12,JSCA International Stadium Complex,1,0.2,India,Sri Lanka,RG Sharma,S Dhawan,CAK Rajitha,2,0,,,,,,,,,
963699,2015/16,2016-02-12,JSCA International Stadium Complex,1,0.3,India,Sri Lanka,RG Sharma,S Dhawan,CAK Rajitha,0,0,,,,,,,,,
963699,2015/16,2016-02-12,JSCA International Stadium Complex,1,0.4,India,Sri Lanka,RG Sharma,S Dhawan,CAK Rajitha,1,0,,,,,,,,,
963699,2015/16,2016-02-12,JSCA International Stadium Complex,1,0.5,India,Sri Lanka,S Dhawan,RG Sharma,CAK Rajitha,0,0,,,,,,,,,
963699,2015/16,2016-02-12,JSCA International Stadium Complex,1,0.6,India,Sri Lanka,S Dhawan,RG Sharma,CAK Rajitha,0,0,,,,,,,,,
963699,2015/16,2016-02-12,JSCA International Stadium Complex,1,1.1,India,Sri Lanka,RG Sharma,S Dhawan,NLTC Perera,1,0,,,,,,,,,
963699,2015/16,2016-02-12,JSCA International Stadium Complex,1,1.2,India,Sri Lanka,S Dhawan,RG Sharma,NLTC Perera,2,0,,,,,,,,,
963699,2015/16,2016-02-12,JSCA International Stadium Complex,1,1.3,India,Sri Lanka,S Dhawan,RG Sharma,NLTC Perera,1,0,,,,,,,,,
963699,2015/16,2016-02-12,JSCA International Stadium Complex,1,1.4,India,Sri Lanka,RG Sharma,S Dhawan,NLTC Perera,0,0,,,,,,,,,
963699,2015/16,2016-02-12,JSCA International Stadium Complex,1,1.5,India,Sri Lanka,RG Sharma,S Dhawan,NLTC Perera,1,0,,,,,,,,,
963699,2015/16,2016-02-12,JSCA International Stadium Complex,1,1.6,India,Sri Lanka,S Dhawan,RG Sharma,NLTC Perera,6,0,,,,,,,,,
963699,2015/16,2016-02-12,JSCA International Stadium Complex,1,2.1,India,Sri Lanka,RG Sharma,S Dhawan,SMSM Senanayake,1,0,,,,,,,,,
963699,2015/16,2016-02-12,JSCA International Stadium Complex,1,2.2,India,Sri Lanka,S Dhawan,RG Sharma,SMSM Senanayake,0,0,,,,,,,,,
963699,2015/16,2016-02-12,JSCA International Stadium Complex,1,2.3,India,Sri Lanka,S Dhawan,RG Sharma,SMSM Senanayake,0,0,,,,,,,,,
963699,2015/16,2016-02-12,JSCA International Stadium Complex,1,2.4,India,Sri Lanka,S Dhawan,RG Sharma,SMSM Senanayake,6,0,,,,,,,,,
963699,2015/16,2016-02-12,JSCA International Stadium Complex,1,2.5,India,Sri Lanka,S Dhawan,RG Sharma,SMSM Senanayake,1,0,,,,,,,,,
963699,2015/16,2016-02-12,JSCA International Stadium Complex,1,2.6,India,Sri Lanka,RG Sharma,S Dhawan,SMSM Senanayake,1,0,,,,,,,,,
963699,2015/16,2016-02-12,JSCA International Stadium Complex,1,3.1,India,Sri Lanka,RG Sharma,S Dhawan,CAK Rajitha,4,0,,,,,,,,,
963699,2015/16,2016-02-12,JSCA International Stadium Complex,1,3.2,India,Sri Lanka,RG Sharma,S Dhawan,CAK Rajitha,1,0,,,,,,,,,
963699,2015/16,2016-02-12,JSCA International Stadium Complex,1,3.3,India,Sri Lanka,S Dhawan,RG Sharma,CAK Rajitha,0,0,,,,,,,,,
963699,2015/16,2016-02-12,JSCA International Stadium Complex,1,3.4,India,Sri Lanka,S Dhawan,RG Sharma,CAK Rajitha,4,0,,,,,,,,,
963699,2015/16,2016-02-12,JSCA International Stadium Complex,1,3.5,India,Sri Lanka,S Dhawan,RG Sharma,CAK Rajitha,4,0,,,,,,,,,
963699,2015/16,2016-02-12,JSCA International Stadium Complex,1,3.6,India,Sri Lanka,S Dhawan,RG Sharma,CAK Rajitha,4,0,,,,,,,,,
963699,2015/16,2016-02-12,JSCA International Stadium Complex,1,4.1,India,Sri Lanka,RG Sharma,S Dhawan,SMSM Senanayake,1,0,,,,,,,,,
963699,2015/16,2016-02-12,JSCA International Stadium Complex,1,4.2,India,Sri Lanka,S Dhawan,RG Sharma,SMSM Senanayake,1,0,,,,,,,,,
963699,2015/16,2016-02-12,JSCA International Stadium Complex,1,4.3,India,Sri Lanka,RG Sharma,S Dhawan,SMSM Senanayake,1,0,,,,,,,,,
963699,2015/16,2016-02-12,JSCA International Stadium Complex,1,4.4,India,Sri Lanka,S Dhawan,RG Sharma,SMSM Senanayake,4,0,,,,,,,,,
963699,2015/16,2016-02-12,JSCA International Stadium Complex,1,4.5,India,Sri Lanka,S Dhawan,RG Sharma,SMSM Senanayake,4,0,,,,,,,,,
963699,2015/16,2016-02-12,JSCA International Stadium Complex,1,4.6,India,Sri Lanka,S Dhawan,RG Sharma,SMSM Senanayake,0,0,,,,,,,,,
963699,2015/16,2016-02-12,JSCA International Stadium Complex,1,5.1,India,Sri Lanka,RG Sharma,S Dhawan,NLTC Perera,1,0,,,,,,,,,
963699,2015/16,2016-02-12,JSCA International Stadium Complex,1,5.2,India,Sri Lanka,S Dhawan,RG Sharma,NLTC Perera,0,1,1,,,,,,,,
963699,2015/16,2016-02-12,JSCA International Stadium Complex,1,5.3,India,Sri Lanka,S Dhawan,RG Sharma,NLTC Perera,1,0,,,,,,,,,
963699,2015/16,2016-02-12,JSCA International Stadium Complex,1,5.4,India,Sri Lanka,RG Sharma,S Dhawan,NLTC Perera,1,0,,,,,,,,,
963699,2015/16,2016-02-12,JSCA International Stadium Complex,1,5.5,India,Sri Lanka,S Dhawan,RG Sharma,NLTC Perera,2,0,,,,,,,,,
963699,2015/16,2016-02-12,JSCA International Stadium Complex,1,5.6,India,Sri Lanka,S Dhawan,RG Sharma,NLTC Perera,0,1,1,,,,,,,,
963699,2015/16,2016-02-12,JSCA International Stadium Complex,1,5.7,India,Sri Lanka,S Dhawan,RG Sharma,NLTC Perera,4,0,,,,,,,,,
963699,2015/16,2016-02-12,JSCA International Stadium Complex,1,5.8,India,Sri Lanka,S Dhawan,RG Sharma,NLTC Perera,4,0,,,,,,,,,
963699,2015/16,2016-02-12,JSCA International Stadium Complex,1,6.1,India,Sri Lanka,RG Sharma,S Dhawan,PVD Chameera,1,0,,,,,,,,,
963699,2015/16,2016-02-12,JSCA International Stadium Complex,1,6.2,India,Sri Lanka,S Dhawan,RG Sharma,PVD Chameera,2,0,,,,,,,,,
963699,2015/16,2016-02-12,JSCA International Stadium Complex,1,6.3,India,Sri Lanka,S Dhawan,RG Sharma,PVD Chameera,1,0,,,,,,,,,
963699,2015/16,2016-02-12,JSCA International Stadium Complex,1,6.4,India,Sri Lanka,RG Sharma,S Dhawan,PVD Chameera,1,0,,,,,,,,,
963699,2015/16,2016-02-12,JSCA International Stadium Complex,1,6.5,India,Sri Lanka,S Dhawan,RG Sharma,PVD Chameera,0,0,,,,,,,,,
963699,2015/16,2016-02-12,JSCA International Stadium Complex,1,6.6,India,Sri Lanka,S Dhawan,RG Sharma,PVD Chameera,0,0,,,,,,caught,S Dhawan,,
963699,2015/16,2016-02-12,JSCA International Stadium Complex,1,7.1,India,Sri Lanka,RG Sharma,AM Rahane,S Prasanna,1,0,,,,,,,,,
963699,2015/16,2016-02-12,JSCA International Stadium Complex,1,7.2,India,Sri Lanka,AM Rahane,RG Sharma,S Prasanna,1,0,,,,,,,,,
963699,2015/16,2016-02-12,JSCA International Stadium Complex,1,7.3,India,Sri Lanka,RG Sharma,AM Rahane,S Prasanna,1,0,,,,,,,,,
963699,2015/16,2016-02-12,JSCA International Stadium Complex,1,7.4,India,Sri Lanka,AM Rahane,RG Sharma,S Prasanna,1,0,,,,,,,,,
963699,2015/16,2016-02-12,JSCA International Stadium Complex,1,7.5,India,Sri Lanka,RG Sharma,AM Rahane,S Prasanna,1,0,,,,,,,,,
963699,2015/16,2016-02-12,JSCA International Stadium Complex,1,7.6,India,Sri Lanka,AM Rahane,RG Sharma,S Prasanna,0,0,,,,,,,,,
963699,2015/16,2016-02-12,JSCA International Stadium Complex,1,8.1,India,Sri Lanka,RG Sharma,AM Rahane,TAM Siriwardana,0,0,,,,,,,,,
963699,2015/16,2016-02-12,JSCA International Stadium Complex,1,8.2,India,Sri Lanka,RG Sharma,AM Rahane,TAM Siriwardana,2,0,,,,,,,,,
963699,2015/16,2016-02-12,JSCA International Stadium Complex,1,8.3,India,Sri Lanka,RG Sharma,AM Rahane,TAM Siriwardana,0,0,,,,,,,,,
963699,2015/16,2016-02-12,JSCA International Stadium Complex,1,8.4,India,Sri Lanka,RG Sharma,AM Rahane,TAM Siriwardana,0,1,,,,1,,,,,
963699,2015/16,2016-02-12,JSCA International Stadium Complex,1,8.5,India,Sri Lanka,AM Rahane,RG Sharma,TAM Siriwardana,4,0,,,,,,,,,
963699,2015/16,2016-02-12,JSCA International Stadium Complex,1,8.6,India,Sri Lanka,AM Rahane,RG Sharma,TAM Siriwardana,0,0,,,,,,,,,
963699,2015/16,2016-02-12,JSCA International Stadium Complex,1,9.1,India,Sri Lanka,RG Sharma,AM Rahane,S Prasanna,1,0,,,,,,,,,
963699,2015/16,2016-02-12,JSCA International Stadium Complex,1,9.2,India,Sri Lanka,AM Rahane,RG Sharma,S Prasanna,1,0,,,,,,,,,
963699,2015/16,2016-02-12,JSCA International Stadium Complex,1,9.3,India,Sri Lanka,RG Sharma,AM Rahane,S Prasanna,1,0,,,,,,,,,
963699,2015/16,2016-02-12,JSCA International Stadium Complex,1,9.4,India,Sri Lanka,AM Rahane,RG Sharma,S Prasanna,1,0,,,,,,,,,
963699,2015/16,2016-02-12,JSCA International Stadium Complex,1,9.5,India,Sri Lanka,RG Sharma,AM Rahane,S Prasanna,1,0,,,,,,,,,
963699,2015/16,2016-02-12,JSCA International Stadium Complex,1,9.6,India,Sri Lanka,AM Rahane,RG Sharma,S Prasanna,1,0,,,,,,,,,
963699,2015/16,2016-02-12,JSCA International Stadium Complex,1,10.1,India,Sri Lanka,AM Rahane,RG Sharma,CAK Rajitha,0,0,,,,,,,,,
963699,2015/16,2016-02-12,JSCA International Stadium Complex,1,10.2,India,Sri Lanka,AM Rahane,RG Sharma,CAK Rajitha,1,0,,,,,,,,,
963699,2015/16,2016-02-12,JSCA International Stadium Complex,1,10.3,India,Sri Lanka,RG Sharma,AM Rahane,CAK Rajitha,2,0,,,,,,,,,
963699,2015/16,2016-02-12,JSCA International Stadium Complex,1,10.4,India,Sri Lanka,RG Sharma,AM Rahane,CAK Rajitha,1,0,,,,,,,,,
963699,2015/16,2016-02-12,JSCA International Stadium Complex,1,10.5,India,Sri Lanka,AM Rahane,RG Sharma,CAK Rajitha,0,1,1,,,,,,,,
963699,2015/16,2016-02-12,JSCA International Stadium Complex,1,10.6,India,Sri Lanka,AM Rahane,RG Sharma,CAK Rajitha,1,0,,,,,,,,,
963699,2015/16,2016-02-12,JSCA International Stadium Complex,1,10.7,India,Sri Lanka,RG Sharma,AM Rahane,CAK Rajitha,1,0,,,,,,,,,
963699,2015/16,2016-02-12,JSCA International Stadium Complex,1,11.1,India,Sri Lanka,RG Sharma,AM Rahane,S Prasanna,1,0,,,,,,,,,
963699,2015/16,2016-02-12,JSCA International Stadium Complex,1,11.2,India,Sri Lanka,AM Rahane,RG Sharma,S Prasanna,1,0,,,,,,,,,
963699,2015/16,2016-02-12,JSCA International Stadium Complex,1,11.3,India,Sri Lanka,RG Sharma,AM Rahane,S Prasanna,1,0,,,,,,,,,
963699,2015/16,2016-02-12,JSCA International Stadium Complex,1,11.4,India,Sri Lanka,AM Rahane,RG Sharma,S Prasanna,1,0,,,,,,,,,
963699,2015/16,2016-02-12,JSCA International Stadium Complex,1,11.5,India,Sri Lanka,RG Sharma,AM Rahane,S Prasanna,0,0,,,,,,,,,
963699,2015/16,2016-02-12,JSCA International Stadium Complex,1,11.6,India,Sri Lanka,RG Sharma,AM Rahane,S Prasanna,6,0,,,,,,,,,
963699,2015/16,2016-02-12,JSCA International Stadium Complex,1,12.1,India,Sri Lanka,AM Rahane,RG Sharma,MD Shanaka,0,0,,,,,,,,,
963699,2015/16,2016-02-12,JSCA International Stadium Complex,1,12.2,India,Sri Lanka,AM Rahane,RG Sharma,MD Shanaka,1,0,,,,,,,,,
963699,2015/16,2016-02-12,JSCA International Stadium Complex,1,12.3,India,Sri Lanka,RG Sharma,AM Rahane,MD Shanaka,1,0,,,,,,,,,
963699,2015/16,2016-02-12,JSCA International Stadium Complex,1,12.4,India,Sri Lanka,AM Rahane,RG Sharma,MD Shanaka,4,0,,,,,,,,,
963699,2015/16,2016-02-12,JSCA International Stadium Complex,1,12.5,India,Sri Lanka,AM Rahane,RG Sharma,MD Shanaka,4,0,,,,,,,,,
963699,2015/16,2016-02-12,JSCA International Stadium Complex,1,12.6,India,Sri Lanka,AM Rahane,RG Sharma,MD Shanaka,2,0,,,,,,,,,
963699,2015/16,2016-02-12,JSCA International Stadium Complex,1,13.1,India,Sri Lanka,RG Sharma,AM Rahane,PVD Chameera,0,0,,,,,,caught and bowled,RG Sharma,,
963699,2015/16,2016-02-12,JSCA International Stadium Complex,1,13.2,India,Sri Lanka,SK Raina,AM Rahane,PVD Chameera,1,0,,,,,,,,,
963699,2015/16,2016-02-12,JSCA International Stadium Complex,1,13.3,India,Sri Lanka,AM Rahane,SK Raina,PVD Chameera,1,0,,,,,,,,,
963699,2015/16,2016-02-12,JSCA International Stadium Complex,1,13.4,India,Sri Lanka,SK Raina,AM Rahane,PVD Chameera,0,1,1,,,,,,,,
963699,2015/16,2016-02-12,JSCA International Stadium Complex,1,13.5,India,Sri Lanka,SK Raina,AM Rahane,PVD Chameera,0,0,,,,,,,,,
963699,2015/16,2016-02-12,JSCA International Stadium Complex,1,13.6,India,Sri Lanka,SK Raina,AM Rahane,PVD Chameera,0,0,,,,,,,,,
963699,2015/16,2016-02-12,JSCA International Stadium Complex,1,13.7,India,Sri Lanka,SK Raina,AM Rahane,PVD Chameera,2,0,,,,,,,,,
963699,2015/16,2016-02-12,JSCA International Stadium Complex,1,14.1,India,Sri Lanka,AM Rahane,SK Raina,SMSM Senanayake,0,0,,,,,,,,,
963699,2015/16,2016-02-12,JSCA International Stadium Complex,1,14.2,India,Sri Lanka,AM Rahane,SK Raina,SMSM Senanayake,0,0,,,,,,caught,AM Rahane,,
963699,2015/16,2016-02-12,JSCA International Stadium Complex,1,14.3,India,Sri Lanka,SK Raina,HH Pandya,SMSM Senanayake,0,0,,,,,,,,,
963699,2015/16,2016-02-12,JSCA International Stadium Complex,1,14.4,India,Sri Lanka,SK Raina,HH Pandya,SMSM Senanayake,1,0,,,,,,,,,
963699,2015/16,2016-02-12,JSCA International Stadium Complex,1,14.5,India,Sri Lanka,HH Pandya,SK Raina,SMSM Senanayake,2,0,,,,,,,,,
963699,2015/16,2016-02-12,JSCA International Stadium Complex,1,14.6,India,Sri Lanka,HH Pandya,SK Raina,SMSM Senanayake,1,0,,,,,,,,,
963699,2015/16,2016-02-12,JSCA International Stadium Complex,1,15.1,India,Sri Lanka,HH Pandya,SK Raina,CAK Rajitha,4,0,,,,,,,,,
963699,2015/16,2016-02-12,JSCA International Stadium Complex,1,15.2,India,Sri Lanka,HH Pandya,SK Raina,CAK Rajitha,1,0,,,,,,,,,
963699,2015/16,2016-02-12,JSCA International Stadium Complex,1,15.3,India,Sri Lanka,SK Raina,HH Pandya,CAK Rajitha,0,1,1,,,,,,,,
963699,2015/16,2016-02-12,JSCA International Stadium Complex,1,15.4,India,Sri Lanka,SK Raina,HH Pandya,CAK Rajitha,1,0,,,,,,,,,
963699,2015/16,2016-02-12,JSCA International Stadium Complex,1,15.5,India,Sri Lanka,HH Pandya,SK Raina,CAK Rajitha,2,0,,,,,,,,,
963699,2015/16,2016-02-12,JSCA International Stadium Complex,1,15.6,India,Sri Lanka,HH Pandya,SK Raina,CAK Rajitha,1,0,,,,,,,,,
963699,2015/16,2016-02-12,JSCA International Stadium Complex,1,15.7,India,Sri Lanka,SK Raina,HH Pandya,CAK Rajitha,4,0,,,,,,,,,
963699,2015/16,2016-02-12,JSCA International Stadium Complex,1,16.1,India,Sri Lanka,HH Pandya,SK Raina,SMSM Senanayake,6,0,,,,,,,,,
963699,2015/16,2016-02-12,JSCA International Stadium Complex,1,16.2,India,Sri Lanka,HH Pandya,SK Raina,SMSM Senanayake,6,0,,,,,,,,,
963699,2015/16,2016-02-12,JSCA International Stadium Complex,1,16.3,India,Sri Lanka,HH Pandya,SK Raina,SMSM Senanayake,1,0,,,,,,,,,
963699,2015/16,2016-02-12,JSCA International Stadium Complex,1,16.4,India,Sri Lanka,SK Raina,HH Pandya,SMSM Senanayake,1,0,,,,,,,,,
963699,2015/16,2016-02-12,JSCA International Stadium Complex,1,16.5,India,Sri Lanka,HH Pandya,SK Raina,SMSM Senanayake,1,0,,,,,,,,,
963699,2015/16,2016-02-12,JSCA International Stadium Complex,1,16.6,India,Sri Lanka,SK Raina,HH Pandya,SMSM Senanayake,1,0,,,,,,,,,
963699,2015/16,2016-02-12,JSCA International Stadium Complex,1,17.1,India,Sri Lanka,SK Raina,HH Pandya,PVD Chameera,4,0,,,,,,,,,
963699,2015/16,2016-02-12,JSCA International Stadium Complex,1,17.2,India,Sri Lanka,SK Raina,HH Pandya,PVD Chameera,4,0,,,,,,,,,
963699,2015/16,2016-02-12,JSCA International Stadium Complex,1,17.3,India,Sri Lanka,SK Raina,HH Pandya,PVD Chameera,0,1,1,,,,,,,,
963699,2015/16,2016-02-12,JSCA International Stadium Complex,1,17.4,India,Sri Lanka,SK Raina,HH Pandya,PVD Chameera,4,0,,,,,,,,,
963699,2015/16,2016-02-12,JSCA International Stadium Complex,1,17.5,India,Sri Lanka,SK Raina,HH Pandya,PVD Chameera,0,0,,,,,,,,,
963699,2015/16,2016-02-12,JSCA International Stadium Complex,1,17.6,India,Sri Lanka,SK Raina,HH Pandya,PVD Chameera,4,0,,,,,,,,,
963699,2015/16,2016-02-12,JSCA International Stadium Complex,1,17.7,India,Sri Lanka,SK Raina,HH Pandya,PVD Chameera,1,0,,,,,,,,,
963699,2015/16,2016-02-12,JSCA International Stadium Complex,1,18.1,India,Sri Lanka,SK Raina,HH Pandya,NLTC Perera,1,0,,,,,,,,,
963699,2015/16,2016-02-12,JSCA International Stadium Complex,1,18.2,India,Sri Lanka,HH Pandya,SK Raina,NLTC Perera,0,2,2,,,,,,,,
963699,2015/16,2016-02-12,JSCA International Stadium Complex,1,18.3,India,Sri Lanka,SK Raina,HH Pandya,NLTC Perera,1,0,,,,,,,,,
963699,2015/16,2016-02-12,JSCA International Stadium Complex,1,18.4,India,Sri Lanka,HH Pandya,SK Raina,NLTC Perera,2,0,,,,,,,,,
963699,2015/16,2016-02-12,JSCA International Stadium Complex,1,18.5,India,Sri Lanka,HH Pandya,SK Raina,NLTC Perera,0,1,1,,,,,,,,
963699,2015/16,2016-02-12,JSCA International Stadium Complex,1,18.6,India,Sri Lanka,HH Pandya,SK Raina,NLTC Perera,0,0,,,,,,caught,HH Pandya,,
963699,2015/16,2016-02-12,JSCA International Stadium Complex,1,18.7,India,Sri Lanka,SK Raina,MS Dhoni,NLTC Perera,0,0,,,,,,caught,SK Raina,,
963699,2015/16,2016-02-12,JSCA International Stadium Complex,1,18.8,India,Sri Lanka,Yuvraj Singh,MS Dhoni,NLTC Perera,0,0,,,,,,caught,Yuvraj Singh,,
963699,2015/16,2016-02-12,JSCA International Stadium Complex,1,19.1,India,Sri Lanka,MS Dhoni,RA Jadeja,PVD Chameera,1,0,,,,,,,,,
963699,2015/16,2016-02-12,JSCA International Stadium Complex,1,19.2,India,Sri Lanka,RA Jadeja,MS Dhoni,PVD Chameera,1,0,,,,,,,,,
963699,2015/16,2016-02-12,JSCA International Stadium Complex,1,19.3,India,Sri Lanka,MS Dhoni,RA Jadeja,PVD Chameera,0,0,,,,,,,,,
963699,2015/16,2016-02-12,JSCA International Stadium Complex,1,19.4,India,Sri Lanka,MS Dhoni,RA Jadeja,PVD Chameera,2,0,,,,,,,,,
963699,2015/16,2016-02-12,JSCA International Stadium Complex,1,19.5,India,Sri Lanka,MS Dhoni,RA Jadeja,PVD Chameera,2,0,,,,,,,,,
963699,2015/16,2016-02-12,JSCA International Stadium Complex,1,19.6,India,Sri Lanka,MS Dhoni,RA Jadeja,PVD Chameera,4,0,,,,,,,,,
963699,2015/16,2016-02-12,JSCA International Stadium Complex,2,0.1,Sri Lanka,India,MD Gunathilaka,TM Dilshan,R Ashwin,0,2,2,,,,,,,,
963699,2015/16,2016-02-12,JSCA International Stadium Complex,2,0.2,Sri Lanka,India,TM Dilshan,MD Gunathilaka,R Ashwin,0,0,,,,,,stumped,TM Dilshan,,
963699,2015/16,2016-02-12,JSCA International Stadium Complex,2,0.3,Sri Lanka,India,S Prasanna,MD Gunathilaka,R Ashwin,0,0,,,,,,,,,
963699,2015/16,2016-02-12,JSCA International Stadium Complex,2,0.4,Sri Lanka,India,S Prasanna,MD Gunathilaka,R Ashwin,0,0,,,,,,,,,
963699,2015/16,2016-02-12,JSCA International Stadium Complex,2,0.5,Sri Lanka,India,S Prasanna,MD Gunathilaka,R Ashwin,1,0,,,,,,,,,
963699,2015/16,2016-02-12,JSCA International Stadium Complex,2,0.6,Sri Lanka,India,MD Gunathilaka,S Prasanna,R Ashwin,0,0,,,,,,,,,
963699,2015/16,2016-02-12,JSCA International Stadium Complex,2,0.7,Sri Lanka,India,MD Gunathilaka,S Prasanna,R Ashwin,0,0,,,,,,,,,
963699,2015/16,2016-02-12,JSCA International Stadium Complex,2,1.1,Sri Lanka,India,S Prasanna,MD Gunathilaka,A Nehra,0,0,,,,,,caught,S Prasanna,,
963699,2015/16,2016-02-12,JSCA International Stadium Complex,2,1.2,Sri Lanka,India,LD Chandimal,MD Gunathilaka,A Nehra,0,0,,,,,,,,,
963699,2015/16,2016-02-12,JSCA International Stadium Complex,2,1.3,Sri Lanka,India,LD Chandimal,MD Gunathilaka,A Nehra,0,0,,,,,,,,,
963699,2015/16,2016-02-12,JSCA International Stadium Complex,2,1.4,Sri Lanka,India,LD Chandimal,MD Gunathilaka,A Nehra,0,0,,,,,,,,,
963699,2015/16,2016-02-12,JSCA International Stadium Complex,2,1.5,Sri Lanka,India,LD Chandimal,MD Gunathilaka,A Nehra,2,0,,,,,,,,,
963699,2015/16,2016-02-12,JSCA International Stadium Complex,2,1.6,Sri Lanka,India,LD Chandimal,MD Gunathilaka,A Nehra,4,0,,,,,,,,,
963699,2015/16,2016-02-12,JSCA International Stadium Complex,2,2.1,Sri Lanka,India,MD Gunathilaka,LD Chandimal,R Ashwin,0,0,,,,,,,,,
963699,2015/16,2016-02-12,JSCA International Stadium Complex,2,2.2,Sri Lanka,India,MD Gunathilaka,LD Chandimal,R Ashwin,0,0,,,,,,,,,
963699,2015/16,2016-02-12,JSCA International Stadium Complex,2,2.3,Sri Lanka,India,MD Gunathilaka,LD Chandimal,R Ashwin,1,0,,,,,,,,,
963699,2015/16,2016-02-12,JSCA International Stadium Complex,2,2.4,Sri Lanka,India,LD Chandimal,MD Gunathilaka,R Ashwin,1,0,,,,,,,,,
963699,2015/16,2016-02-12,JSCA International Stadium Complex,2,2.5,Sri Lanka,India,MD Gunathilaka,LD Chandimal,R Ashwin,1,0,,,,,,,,,
963699,2015/16,2016-02-12,JSCA International Stadium Complex,2,2.6,Sri Lanka,India,LD Chandimal,MD Gunathilaka,R Ashwin,1,0,,,,,,,,,
963699,2015/16,2016-02-12,JSCA International Stadium Complex,2,3.1,Sri Lanka,India,LD Chandimal,MD Gunathilaka,A Nehra,3,0,,,,,,,,,
963699,2015/16,2016-02-12,JSCA International Stadium Complex,2,3.2,Sri Lanka,India,MD Gunathilaka,LD Chandimal,A Nehra,0,0,,,,,,caught,MD Gunathilaka,,
963699,2015/16,2016-02-12,JSCA International Stadium Complex,2,3.3,Sri Lanka,India,CK Kapugedera,LD Chandimal,A Nehra,0,0,,,,,,,,,
963699,2015/16,2016-02-12,JSCA International Stadium Complex,2,3.4,Sri Lanka,India,CK Kapugedera,LD Chandimal,A Nehra,0,0,,,,,,,,,
963699,2015/16,2016-02-12,JSCA International Stadium Complex,2,3.5,Sri Lanka,India,CK Kapugedera,LD Chandimal,A Nehra,4,0,,,,,,,,,
963699,2015/16,2016-02-12,JSCA International Stadium Complex,2,3.6,Sri Lanka,India,CK Kapugedera,LD Chandimal,A Nehra,1,0,,,,,,,,,
963699,2015/16,2016-02-12,JSCA International Stadium Complex,2,4.1,Sri Lanka,India,CK Kapugedera,LD Chandimal,R Ashwin,1,0,,,,,,,,,
963699,2015/16,2016-02-12,JSCA International Stadium Complex,2,4.2,Sri Lanka,India,LD Chandimal,CK Kapugedera,R Ashwin,0,0,,,,,,,,,
963699,2015/16,2016-02-12,JSCA International Stadium Complex,2,4.3,Sri Lanka,India,LD Chandimal,CK Kapugedera,R Ashwin,1,0,,,,,,,,,
963699,2015/16,2016-02-12,JSCA International Stadium Complex,2,4.4,Sri Lanka,India,CK Kapugedera,LD Chandimal,R Ashwin,1,0,,,,,,,,,
963699,2015/16,2016-02-12,JSCA International Stadium Complex,2,4.5,Sri Lanka,India,LD Chandimal,CK Kapugedera,R Ashwin,1,0,,,,,,,,,
963699,2015/16,2016-02-12,JSCA International Stadium Complex,2,4.6,Sri Lanka,India,CK Kapugedera,LD Chandimal,R Ashwin,0,0,,,,,,,,,
963699,2015/16,2016-02-12,JSCA International Stadium Complex,2,5.1,Sri Lanka,India,LD Chandimal,CK Kapugedera,A Nehra,2,0,,,,,,,,,
963699,2015/16,2016-02-12,JSCA International Stadium Complex,2,5.2,Sri Lanka,India,LD Chandimal,CK Kapugedera,A Nehra,0,0,,,,,,,,,
963699,2015/16,2016-02-12,JSCA International Stadium Complex,2,5.3,Sri Lanka,India,LD Chandimal,CK Kapugedera,A Nehra,1,0,,,,,,,,,
963699,2015/16,2016-02-12,JSCA International Stadium Complex,2,5.4,Sri Lanka,India,CK Kapugedera,LD Chandimal,A Nehra,4,0,,,,,,,,,
963699,2015/16,2016-02-12,JSCA International Stadium Complex,2,5.5,Sri Lanka,India,CK Kapugedera,LD Chandimal,A Nehra,4,0,,,,,,,,,
963699,2015/16,2016-02-12,JSCA International Stadium Complex,2,5.6,Sri Lanka,India,CK Kapugedera,LD Chandimal,A Nehra,1,0,,,,,,,,,
963699,2015/16,2016-02-12,JSCA International Stadium Complex,2,6.1,Sri Lanka,India,CK Kapugedera,LD Chandimal,Yuvraj Singh,1,0,,,,,,,,,
963699,2015/16,2016-02-12,JSCA International Stadium Complex,2,6.2,Sri Lanka,India,LD Chandimal,CK Kapugedera,Yuvraj Singh,0,0,,,,,,,,,
963699,2015/16,2016-02-12,JSCA International Stadium Complex,2,6.3,Sri Lanka,India,LD Chandimal,CK Kapugedera,Yuvraj Singh,1,0,,,,,,,,,
963699,2015/16,2016-02-12,JSCA International Stadium Complex,2,6.4,Sri Lanka,India,CK Kapugedera,LD Chandimal,Yuvraj Singh,1,0,,,,,,,,,
963699,2015/16,2016-02-12,JSCA International Stadium Complex,2,6.5,Sri Lanka,India,LD Chandimal,CK Kapugedera,Yuvraj Singh,0,0,,,,,,,,,
963699,2015/16,2016-02-12,JSCA International Stadium Complex,2,6.6,Sri Lanka,India,LD Chandimal,CK Kapugedera,Yuvraj Singh,0,0,,,,,,,,,
963699,2015/16,2016-02-12,JSCA International Stadium Complex,2,7.1,Sri Lanka,India,CK Kapugedera,LD Chandimal,RA Jadeja,1,0,,,,,,,,,
963699,2015/16,2016-02-12,JSCA International Stadium Complex,2,7.2,Sri Lanka,India,LD Chandimal,CK Kapugedera,RA Jadeja,1,0,,,,,,,,,
963699,2015/16,2016-02-12,JSCA International Stadium Complex,2,7.3,Sri Lanka,India,CK Kapugedera,LD Chandimal,RA Jadeja,1,0,,,,,,,,,
963699,2015/16,2016-02-12,JSCA International Stadium Complex,2,7.4,Sri Lanka,India,LD Chandimal,CK Kapugedera,RA Jadeja,1,0,,,,,,,,,
963699,2015/16,2016-02-12,JSCA International Stadium Complex,2,7.5,Sri Lanka,India,CK Kapugedera,LD Chandimal,RA Jadeja,0,0,,,,,,,,,
963699,2015/16,2016-02-12,JSCA International Stadium Complex,2,7.6,Sri Lanka,India,CK Kapugedera,LD Chandimal,RA Jadeja,1,0,,,,,,,,,
963699,2015/16,2016-02-12,JSCA International Stadium Complex,2,8.1,Sri Lanka,India,CK Kapugedera,LD Chandimal,Yuvraj Singh,6,0,,,,,,,,,
963699,2015/16,2016-02-12,JSCA International Stadium Complex,2,8.2,Sri Lanka,India,CK Kapugedera,LD Chandimal,Yuvraj Singh,1,0,,,,,,,,,
963699,2015/16,2016-02-12,JSCA International Stadium Complex,2,8.3,Sri Lanka,India,LD Chandimal,CK Kapugedera,Yuvraj Singh,0,0,,,,,,,,,
963699,2015/16,2016-02-12,JSCA International Stadium Complex,2,8.4,Sri Lanka,India,LD Chandimal,CK Kapugedera,Yuvraj Singh,1,0,,,,,,,,,
963699,2015/16,2016-02-12,JSCA International Stadium Complex,2,8.5,Sri Lanka,India,CK Kapugedera,LD Chandimal,Yuvraj Singh,0,0,,,,,,,,,
963699,2015/16,2016-02-12,JSCA International Stadium Complex,2,8.6,Sri Lanka,India,CK Kapugedera,LD Chandimal,Yuvraj Singh,0,0,,,,,,,,,
963699,2015/16,2016-02-12,JSCA International Stadium Complex,2,9.1,Sri Lanka,India,LD Chandimal,CK Kapugedera,RA Jadeja,2,0,,,,,,,,,
963699,2015/16,2016-02-12,JSCA International Stadium Complex,2,9.2,Sri Lanka,India,LD Chandimal,CK Kapugedera,RA Jadeja,1,0,,,,,,,,,
963699,2015/16,2016-02-12,JSCA International Stadium Complex,2,9.3,Sri Lanka,India,CK Kapugedera,LD Chandimal,RA Jadeja,0,0,,,,,,,,,
963699,2015/16,2016-02-12,JSCA International Stadium Complex,2,9.4,Sri Lanka,India,CK Kapugedera,LD Chandimal,RA Jadeja,1,0,,,,,,,,,
963699,2015/16,2016-02-12,JSCA International Stadium Complex,2,9.5,Sri Lanka,India,LD Chandimal,CK Kapugedera,RA Jadeja,1,0,,,,,,,,,
963699,2015/16,2016-02-12,JSCA International Stadium Complex,2,9.6,Sri Lanka,India,CK Kapugedera,LD Chandimal,RA Jadeja,1,0,,,,,,,,,
963699,2015/16,2016-02-12,JSCA International Stadium Complex,2,10.1,Sri Lanka,India,CK Kapugedera,LD Chandimal,Yuvraj Singh,1,0,,,,,,,,,
963699,2015/16,2016-02-12,JSCA International Stadium Complex,2,10.2,Sri Lanka,India,LD Chandimal,CK Kapugedera,Yuvraj Singh,1,0,,,,,,,,,
963699,2015/16,2016-02-12,JSCA International Stadium Complex,2,10.3,Sri Lanka,India,CK Kapugedera,LD Chandimal,Yuvraj Singh,1,0,,,,,,,,,
963699,2015/16,2016-02-12,JSCA International Stadium Complex,2,10.4,Sri Lanka,India,LD Chandimal,CK Kapugedera,Yuvraj Singh,4,0,,,,,,,,,
963699,2015/16,2016-02-12,JSCA International Stadium Complex,2,10.5,Sri Lanka,India,LD Chandimal,CK Kapugedera,Yuvraj Singh,1,0,,,,,,,,,
963699,2015/16,2016-02-12,JSCA International Stadium Complex,2,10.6,Sri Lanka,India,CK Kapugedera,LD Chandimal,Yuvraj Singh,0,0,,,,,,,,,
963699,2015/16,2016-02-12,JSCA International Stadium Complex,2,11.1,Sri Lanka,India,LD Chandimal,CK Kapugedera,RA Jadeja,1,0,,,,,,,,,
963699,2015/16,2016-02-12,JSCA International Stadium Complex,2,11.2,Sri Lanka,India,CK Kapugedera,LD Chandimal,RA Jadeja,0,0,,,,,,caught,CK Kapugedera,,
963699,2015/16,2016-02-12,JSCA International Stadium Complex,2,11.3,Sri Lanka,India,LD Chandimal,TAM Siriwardana,RA Jadeja,0,0,,,,,,stumped,LD Chandimal,,
963699,2015/16,2016-02-12,JSCA International Stadium Complex,2,11.4,Sri Lanka,India,MD Shanaka,TAM Siriwardana,RA Jadeja,0,0,,,,,,,,,
963699,2015/16,2016-02-12,JSCA International Stadium Complex,2,11.5,Sri Lanka,India,MD Shanaka,TAM Siriwardana,RA Jadeja,0,0,,,,,,,,,
963699,2015/16,2016-02-12,JSCA International Stadium Complex,2,11.6,Sri Lanka,India,MD Shanaka,TAM Siriwardana,RA Jadeja,1,0,,,,,,,,,
963699,2015/16,2016-02-12,JSCA International Stadium Complex,2,12.1,Sri Lanka,India,MD Shanaka,TAM Siriwardana,SK Raina,0,0,,,,,,,,,
963699,2015/16,2016-02-12,JSCA International Stadium Complex,2,12.2,Sri Lanka,India,MD Shanaka,TAM Siriwardana,SK Raina,1,0,,,,,,,,,
963699,2015/16,2016-02-12,JSCA International Stadium Complex,2,12.3,Sri Lanka,India,TAM Siriwardana,MD Shanaka,SK Raina,2,0,,,,,,,,,
963699,2015/16,2016-02-12,JSCA International Stadium Complex,2,12.4,Sri Lanka,India,TAM Siriwardana,MD Shanaka,SK Raina,1,0,,,,,,,,,
963699,2015/16,2016-02-12,JSCA International Stadium Complex,2,12.5,Sri Lanka,India,MD Shanaka,TAM Siriwardana,SK Raina,1,0,,,,,,,,,
963699,2015/16,2016-02-12,JSCA International Stadium Complex,2,12.6,Sri Lanka,India,TAM Siriwardana,MD Shanaka,SK Raina,1,0,,,,,,,,,
963699,2015/16,2016-02-12,JSCA International Stadium Complex,2,13.1,Sri Lanka,India,TAM Siriwardana,MD Shanaka,RA Jadeja,6,0,,,,,,,,,
963699,2015/16,2016-02-12,JSCA International Stadium Complex,2,13.2,Sri Lanka,India,TAM Siriwardana,MD Shanaka,RA Jadeja,1,0,,,,,,,,,
963699,2015/16,2016-02-12,JSCA International Stadium Complex,2,13.3,Sri Lanka,India,MD Shanaka,TAM Siriwardana,RA Jadeja,1,0,,,,,,,,,
963699,2015/16,2016-02-12,JSCA International Stadium Complex,2,13.4,Sri Lanka,India,TAM Siriwardana,MD Shanaka,RA Jadeja,1,0,,,,,,,,,
963699,2015/16,2016-02-12,JSCA International Stadium Complex,2,13.5,Sri Lanka,India,MD Shanaka,TAM Siriwardana,RA Jadeja,2,0,,,,,,,,,
963699,2015/16,2016-02-12,JSCA International Stadium Complex,2,13.6,Sri Lanka,India,MD Shanaka,TAM Siriwardana,RA Jadeja,0,0,,,,,,,,,
963699,2015/16,2016-02-12,JSCA International Stadium Complex,2,14.1,Sri Lanka,India,TAM Siriwardana,MD Shanaka,SK Raina,1,0,,,,,,,,,
963699,2015/16,2016-02-12,JSCA International Stadium Complex,2,14.2,Sri Lanka,India,MD Shanaka,TAM Siriwardana,SK Raina,6,0,,,,,,,,,
963699,2015/16,2016-02-12,JSCA International Stadium Complex,2,14.3,Sri Lanka,India,MD Shanaka,TAM Siriwardana,SK Raina,1,0,,,,,,,,,
963699,2015/16,2016-02-12,JSCA International Stadium Complex,2,14.4,Sri Lanka,India,TAM Siriwardana,MD Shanaka,SK Raina,1,0,,,,,,,,,
963699,2015/16,2016-02-12,JSCA International Stadium Complex,2,14.5,Sri Lanka,India,MD Shanaka,TAM Siriwardana,SK Raina,6,0,,,,,,,,,
963699,2015/16,2016-02-12,JSCA International Stadium Complex,2,14.6,Sri Lanka,India,MD Shanaka,TAM Siriwardana,SK Raina,1,0,,,,,,,,,
963699,2015/16,2016-02-12,JSCA International Stadium Complex,2,15.1,Sri Lanka,India,MD Shanaka,TAM Siriwardana,JJ Bumrah,0,0,,,,,,,,,
963699,2015/16,2016-02-12,JSCA International Stadium Complex,2,15.2,Sri Lanka,India,MD Shanaka,TAM Siriwardana,JJ Bumrah,1,0,,,,,,,,,
963699,2015/16,2016-02-12,JSCA International Stadium Complex,2,15.3,Sri Lanka,India,TAM Siriwardana,MD Shanaka,JJ Bumrah,4,0,,,,,,,,,
963699,2015/16,2016-02-12,JSCA International Stadium Complex,2,15.4,Sri Lanka,India,TAM Siriwardana,MD Shanaka,JJ Bumrah,0,1,1,,,,,,,,
963699,2015/16,2016-02-12,JSCA International Stadium Complex,2,15.5,Sri Lanka,India,TAM Siriwardana,MD Shanaka,JJ Bumrah,1,0,,,,,,,,,
963699,2015/16,2016-02-12,JSCA International Stadium Complex,2,15.6,Sri Lanka,India,MD Shanaka,TAM Siriwardana,JJ Bumrah,0,0,,,,,,,,,
963699,2015/16,2016-02-12,JSCA International Stadium Complex,2,15.7,Sri Lanka,India,MD Shanaka,TAM Siriwardana,JJ Bumrah,6,0,,,,,,,,,
963699,2015/16,2016-02-12,JSCA International Stadium Complex,2,16.1,Sri Lanka,India,TAM Siriwardana,MD Shanaka,R Ashwin,1,0,,,,,,,,,
963699,2015/16,2016-02-12,JSCA International Stadium Complex,2,16.2,Sri Lanka,India,MD Shanaka,TAM Siriwardana,R Ashwin,0,0,,,,,,caught,MD Shanaka,,
963699,2015/16,2016-02-12,JSCA International Stadium Complex,2,16.3,Sri Lanka,India,TAM Siriwardana,NLTC Perera,R Ashwin,1,0,,,,,,,,,
963699,2015/16,2016-02-12,JSCA International Stadium Complex,2,16.4,Sri Lanka,India,NLTC Perera,TAM Siriwardana,R Ashwin,0,0,,,,,,caught,NLTC Perera,,
963699,2015/16,2016-02-12,JSCA International Stadium Complex,2,16.5,Sri Lanka,India,TAM Siriwardana,SMSM Senanayake,R Ashwin,0,0,,,,,,,,,
963699,2015/16,2016-02-12,JSCA International Stadium Complex,2,16.6,Sri Lanka,India,TAM Siriwardana,SMSM Senanayake,R Ashwin,1,0,,,,,,,,,
963699,2015/16,2016-02-12,JSCA International Stadium Complex,2,17.1,Sri Lanka,India,TAM Siriwardana,SMSM Senanayake,JJ Bumrah,1,0,,,,,,,,,
963699,2015/16,2016-02-12,JSCA International Stadium Complex,2,17.2,Sri Lanka,India,SMSM Senanayake,TAM Siriwardana,JJ Bumrah,0,0,,,,,,,,,
963699,2015/16,2016-02-12,JSCA International Stadium Complex,2,17.3,Sri Lanka,India,SMSM Senanayake,TAM Siriwardana,JJ Bumrah,0,0,,,,,,lbw,SMSM Senanayake,,
963699,2015/16,2016-02-12,JSCA International Stadium Complex,2,17.4,Sri Lanka,India,PVD Chameera,TAM Siriwardana,JJ Bumrah,0,0,,,,,,,,,
963699,2015/16,2016-02-12,JSCA International Stadium Complex,2,17.5,Sri Lanka,India,PVD Chameera,TAM Siriwardana,JJ Bumrah,0,0,,,,,,,,,
963699,2015/16,2016-02-12,JSCA International Stadium Complex,2,17.6,Sri Lanka,India,PVD Chameera,TAM Siriwardana,JJ Bumrah,0,0,,,,,,bowled,PVD Chameera,,
963699,2015/16,2016-02-12,JSCA International Stadium Complex,2,18.1,Sri Lanka,India,TAM Siriwardana,CAK Rajitha,HH Pandya,1,0,,,,,,,,,
963699,2015/16,2016-02-12,JSCA International Stadium Complex,2,18.2,Sri Lanka,India,CAK Rajitha,TAM Siriwardana,HH Pandya,1,0,,,,,,,,,
963699,2015/16,2016-02-12,JSCA International Stadium Complex,2,18.3,Sri Lanka,India,TAM Siriwardana,CAK Rajitha,HH Pandya,1,0,,,,,,,,,
963699,2015/16,2016-02-12,JSCA International Stadium Complex,2,18.4,Sri Lanka,India,CAK Rajitha,TAM Siriwardana,HH Pandya,0,0,,,,,,,,,
963699,2015/16,2016-02-12,JSCA International Stadium Complex,2,18.5,Sri Lanka,India,CAK Rajitha,TAM Siriwardana,HH Pandya,1,0,,,,,,,,,
963699,2015/16,2016-02-12,JSCA International Stadium Complex,2,18.6,Sri Lanka,India,TAM Siriwardana,CAK Rajitha,HH Pandya,1,0,,,,,,,,,
963699,2015/16,2016-02-12,JSCA International Stadium Complex,2,19.1,Sri Lanka,India,TAM Siriwardana,CAK Rajitha,JJ Bumrah,1,0,,,,,,,,,
963699,2015/16,2016-02-12,JSCA International Stadium Complex,2,19.2,Sri Lanka,India,CAK Rajitha,TAM Siriwardana,JJ Bumrah,1,0,,,,,,,,,
963699,2015/16,2016-02-12,JSCA International Stadium Complex,2,19.3,Sri Lanka,India,TAM Siriwardana,CAK Rajitha,JJ Bumrah,1,0,,,,,,,,,
963699,2015/16,2016-02-12,JSCA International Stadium Complex,2,19.4,Sri Lanka,India,CAK Rajitha,TAM Siriwardana,JJ Bumrah,0,0,,,,,,,,,
963699,2015/16,2016-02-12,JSCA International Stadium Complex,2,19.5,Sri Lanka,India,CAK Rajitha,TAM Siriwardana,JJ Bumrah,0,0,,,,,,,,,
963699,2015/16,2016-02-12,JSCA International Stadium Complex,2,19.6,Sri Lanka,India,CAK Rajitha,TAM Siriwardana,JJ Bumrah,0,0,,,,,,,,,
