match_id,season,start_date,venue,innings,ball,batting_team,bowling_team,striker,non_striker,bowler,runs_off_bat,extras,wides,noballs,byes,legbyes,penalty,wicket_type,player_dismissed,other_wicket_type,other_player_dismissed
963701,2015/16,2016-02-14,Dr. Y.S. Rajasekhara Reddy ACA-VDCA Cricket Stadium,1,0.1,Sri Lanka,India,N Dickwella,TM Dilshan,R Ashwin,1,0,,,,,,,,,
963701,2015/16,2016-02-14,Dr. Y.S. Rajasekhara Reddy ACA-VDCA Cricket Stadium,1,0.2,Sri Lanka,India,TM Dilshan,N Dickwella,R Ashwin,1,0,,,,,,,,,
963701,2015/16,2016-02-14,Dr. Y.S. Rajasekhara Reddy ACA-VDCA Cricket Stadium,1,0.3,Sri Lanka,India,N Dickwella,TM Dilshan,R Ashwin,0,0,,,,,,stumped,N Dickwella,,
963701,2015/16,2016-02-14,Dr. Y.S. Rajasekhara Reddy ACA-VDCA Cricket Stadium,1,0.4,Sri Lanka,India,LD Chandimal,TM Dilshan,R Ashwin,0,0,,,,,,,,,
963701,2015/16,2016-02-14,Dr. Y.S. Rajasekhara Reddy ACA-VDCA Cricket Stadium,1,0.5,Sri Lanka,India,LD Chandimal,TM Dilshan,R Ashwin,0,1,,,,1,,,,,
963701,2015/16,2016-02-14,Dr. Y.S. Rajasekhara Reddy ACA-VDCA Cricket Stadium,1,0.6,Sri Lanka,India,TM Dilshan,LD Chandimal,R Ashwin,0,0,,,,,,lbw,TM Dilshan,,
963701,2015/16,2016-02-14,Dr. Y.S. Rajasekhara Reddy ACA-VDCA Cricket Stadium,1,1.1,Sri Lanka,India,LD Chandimal,DAS Gunaratne,A Nehra,0,0,,,,,,,,,
963701,2015/16,2016-02-14,Dr. Y.S. Rajasekhara Reddy ACA-VDCA Cricket Stadium,1,1.2,Sri Lanka,India,LD Chandimal,DAS Gunaratne,A Nehra,0,0,,,,,,,,,
963701,2015/16,2016-02-14,Dr. Y.S. Rajasekhara Reddy ACA-VDCA Cricket Stadium,1,1.3,Sri Lanka,India,LD Chandimal,DAS Gunaratne,A Nehra,4,0,,,,,,,,,
963701,2015/16,2016-02-14,Dr. Y.S. Rajasekhara Reddy ACA-VDCA Cricket Stadium,1,1.4,Sri Lanka,India,LD Chandimal,DAS Gunaratne,A Nehra,0,0,,,,,,,,,
963701,2015/16,2016-02-14,Dr. Y.S. Rajasekhara Reddy ACA-VDCA Cricket Stadium,1,1.5,Sri Lanka,India,LD Chandimal,DAS Gunaratne,A Nehra,4,0,,,,,,,,,
963701,2015/16,2016-02-14,Dr. Y.S. Rajasekhara Reddy ACA-VDCA Cricket Stadium,1,1.6,Sri Lanka,India,LD Chandimal,DAS Gunaratne,A Nehra,0,1,,,,1,,,,,
963701,2015/16,2016-02-14,Dr. Y.S. Rajasekhara Reddy ACA-VDCA Cricket Stadium,1,2.1,Sri Lanka,India,LD Chandimal,DAS Gunaratne,R Ashwin,0,0,,,,,,caught,LD Chandimal,,
963701,2015/16,2016-02-14,Dr. Y.S. Rajasekhara Reddy ACA-VDCA Cricket Stadium,1,2.2,Sri Lanka,India,DAS Gunaratne,TAM Siriwardana,R Ashwin,0,0,,,,,,,,,
963701,2015/16,2016-02-14,Dr. Y.S. Rajasekhara Reddy ACA-VDCA Cricket Stadium,1,2.3,Sri Lanka,India,DAS Gunaratne,TAM Siriwardana,R Ashwin,0,0,,,,,,,,,
963701,2015/16,2016-02-14,Dr. Y.S. Rajasekhara Reddy ACA-VDCA Cricket Stadium,1,2.4,Sri Lanka,India,DAS Gunaratne,TAM Siriwardana,R Ashwin,0,0,,,,,,,,,
963701,2015/16,2016-02-14,Dr. Y.S. Rajasekhara Reddy ACA-VDCA Cricket Stadium,1,2.5,Sri Lanka,India,DAS Gunaratne,TAM Siriwardana,R Ashwin,2,0,,,,,,,,,
963701,2015/16,2016-02-14,Dr. Y.S. Rajasekhara Reddy ACA-VDCA Cricket Stadium,1,2.6,Sri Lanka,India,DAS Gunaratne,TAM Siriwardana,R Ashwin,1,0,,,,,,,,,
963701,2015/16,2016-02-14,Dr. Y.S. Rajasekhara Reddy ACA-VDCA Cricket Stadium,1,3.1,Sri Lanka,India,DAS Gunaratne,TAM Siriwardana,JJ Bumrah,0,0,,,,,,,,,
963701,2015/16,2016-02-14,Dr. Y.S. Rajasekhara Reddy ACA-VDCA Cricket Stadium,1,3.2,Sri Lanka,India,DAS Gunaratne,TAM Siriwardana,JJ Bumrah,0,0,,,,,,,,,
963701,2015/16,2016-02-14,Dr. Y.S. Rajasekhara Reddy ACA-VDCA Cricket Stadium,1,3.3,Sri Lanka,India,DAS Gunaratne,TAM Siriwardana,JJ Bumrah,0,0,,,,,,,,,
963701,2015/16,2016-02-14,Dr. Y.S. Rajasekhara Reddy ACA-VDCA Cricket Stadium,1,3.4,Sri Lanka,India,DAS Gunaratne,TAM Siriwardana,JJ Bumrah,0,0,,,,,,,,,
963701,2015/16,2016-02-14,Dr. Y.S. Rajasekhara Reddy ACA-VDCA Cricket Stadium,1,3.5,Sri Lanka,India,DAS Gunaratne,TAM Siriwardana,JJ Bumrah,1,0,,,,,,,,,
963701,2015/16,2016-02-14,Dr. Y.S. Rajasekhara Reddy ACA-VDCA Cricket Stadium,1,3.6,Sri Lanka,India,TAM Siriwardana,DAS Gunaratne,JJ Bumrah,4,0,,,,,,,,,
963701,2015/16,2016-02-14,Dr. Y.S. Rajasekhara Reddy ACA-VDCA Cricket Stadium,1,4.1,Sri Lanka,India,DAS Gunaratne,TAM Siriwardana,R Ashwin,0,0,,,,,,,,,
963701,2015/16,2016-02-14,Dr. Y.S. Rajasekhara Reddy ACA-VDCA Cricket Stadium,1,4.2,Sri Lanka,India,DAS Gunaratne,TAM Siriwardana,R Ashwin,0,0,,,,,,caught,DAS Gunaratne,,
963701,2015/16,2016-02-14,Dr. Y.S. Rajasekhara Reddy ACA-VDCA Cricket Stadium,1,4.3,Sri Lanka,India,MD Shanaka,TAM Siriwardana,R Ashwin,0,0,,,,,,,,,
963701,2015/16,2016-02-14,Dr. Y.S. Rajasekhara Reddy ACA-VDCA Cricket Stadium,1,4.4,Sri Lanka,India,MD Shanaka,TAM Siriwardana,R Ashwin,0,0,,,,,,,,,
963701,2015/16,2016-02-14,Dr. Y.S. Rajasekhara Reddy ACA-VDCA Cricket Stadium,1,4.5,Sri Lanka,India,MD Shanaka,TAM Siriwardana,R Ashwin,0,0,,,,,,,,,
963701,2015/16,2016-02-14,Dr. Y.S. Rajasekhara Reddy ACA-VDCA Cricket Stadium,1,4.6,Sri Lanka,India,MD Shanaka,TAM Siriwardana,R Ashwin,0,0,,,,,,,,,
963701,2015/16,2016-02-14,Dr. Y.S. Rajasekhara Reddy ACA-VDCA Cricket Stadium,1,5.1,Sri Lanka,India,TAM Siriwardana,MD Shanaka,A Nehra,0,1,1,,,,,,,,
963701,2015/16,2016-02-14,Dr. Y.S. Rajasekhara Reddy ACA-VDCA Cricket Stadium,1,5.2,Sri Lanka,India,TAM Siriwardana,MD Shanaka,A Nehra,0,0,,,,,,bowled,TAM Siriwardana,,
963701,2015/16,2016-02-14,Dr. Y.S. Rajasekhara Reddy ACA-VDCA Cricket Stadium,1,5.3,Sri Lanka,India,S Prasanna,MD Shanaka,A Nehra,0,0,,,,,,,,,
963701,2015/16,2016-02-14,Dr. Y.S. Rajasekhara Reddy ACA-VDCA Cricket Stadium,1,5.4,Sri Lanka,India,S Prasanna,MD Shanaka,A Nehra,0,0,,,,,,,,,
963701,2015/16,2016-02-14,Dr. Y.S. Rajasekhara Reddy ACA-VDCA Cricket Stadium,1,5.5,Sri Lanka,India,S Prasanna,MD Shanaka,A Nehra,4,0,,,,,,,,,
963701,2015/16,2016-02-14,Dr. Y.S. Rajasekhara Reddy ACA-VDCA Cricket Stadium,1,5.6,Sri Lanka,India,S Prasanna,MD Shanaka,A Nehra,0,0,,,,,,,,,
963701,2015/16,2016-02-14,Dr. Y.S. Rajasekhara Reddy ACA-VDCA Cricket Stadium,1,5.7,Sri Lanka,India,S Prasanna,MD Shanaka,A Nehra,4,0,,,,,,,,,
963701,2015/16,2016-02-14,Dr. Y.S. Rajasekhara Reddy ACA-VDCA Cricket Stadium,1,6.1,Sri Lanka,India,MD Shanaka,S Prasanna,RA Jadeja,0,0,,,,,,,,,
963701,2015/16,2016-02-14,Dr. Y.S. Rajasekhara Reddy ACA-VDCA Cricket Stadium,1,6.2,Sri Lanka,India,MD Shanaka,S Prasanna,RA Jadeja,4,0,,,,,,,,,
963701,2015/16,2016-02-14,Dr. Y.S. Rajasekhara Reddy ACA-VDCA Cricket Stadium,1,6.3,Sri Lanka,India,MD Shanaka,S Prasanna,RA Jadeja,0,0,,,,,,,,,
963701,2015/16,2016-02-14,Dr. Y.S. Rajasekhara Reddy ACA-VDCA Cricket Stadium,1,6.4,Sri Lanka,India,MD Shanaka,S Prasanna,RA Jadeja,0,0,,,,,,,,,
963701,2015/16,2016-02-14,Dr. Y.S. Rajasekhara Reddy ACA-VDCA Cricket Stadium,1,6.5,Sri Lanka,India,MD Shanaka,S Prasanna,RA Jadeja,0,0,,,,,,,,,
963701,2015/16,2016-02-14,Dr. Y.S. Rajasekhara Reddy ACA-VDCA Cricket Stadium,1,6.6,Sri Lanka,India,MD Shanaka,S Prasanna,RA Jadeja,0,0,,,,,,,,,
963701,2015/16,2016-02-14,Dr. Y.S. Rajasekhara Reddy ACA-VDCA Cricket Stadium,1,7.1,Sri Lanka,India,S Prasanna,MD Shanaka,Yuvraj Singh,1,0,,,,,,,,,
963701,2015/16,2016-02-14,Dr. Y.S. Rajasekhara Reddy ACA-VDCA Cricket Stadium,1,7.2,Sri Lanka,India,MD Shanaka,S Prasanna,Yuvraj Singh,0,0,,,,,,,,,
963701,2015/16,2016-02-14,Dr. Y.S. Rajasekhara Reddy ACA-VDCA Cricket Stadium,1,7.3,Sri Lanka,India,MD Shanaka,S Prasanna,Yuvraj Singh,6,1,,1,,,,,,,
963701,2015/16,2016-02-14,Dr. Y.S. Rajasekhara Reddy ACA-VDCA Cricket Stadium,1,7.4,Sri Lanka,India,MD Shanaka,S Prasanna,Yuvraj Singh,6,0,,,,,,,,,
963701,2015/16,2016-02-14,Dr. Y.S. Rajasekhara Reddy ACA-VDCA Cricket Stadium,1,7.5,Sri Lanka,India,MD Shanaka,S Prasanna,Yuvraj Singh,1,0,,,,,,,,,
963701,2015/16,2016-02-14,Dr. Y.S. Rajasekhara Reddy ACA-VDCA Cricket Stadium,1,7.6,Sri Lanka,India,S Prasanna,MD Shanaka,Yuvraj Singh,0,0,,,,,,run out,S Prasanna,,
963701,2015/16,2016-02-14,Dr. Y.S. Rajasekhara Reddy ACA-VDCA Cricket Stadium,1,7.7,Sri Lanka,India,MD Shanaka,NLTC Perera,Yuvraj Singh,0,0,,,,,,,,,
963701,2015/16,2016-02-14,Dr. Y.S. Rajasekhara Reddy ACA-VDCA Cricket Stadium,1,8.1,Sri Lanka,India,NLTC Perera,MD Shanaka,RA Jadeja,0,0,,,,,,,,,
963701,2015/16,2016-02-14,Dr. Y.S. Rajasekhara Reddy ACA-VDCA Cricket Stadium,1,8.2,Sri Lanka,India,NLTC Perera,MD Shanaka,RA Jadeja,0,1,1,,,,,,,,
963701,2015/16,2016-02-14,Dr. Y.S. Rajasekhara Reddy ACA-VDCA Cricket Stadium,1,8.3,Sri Lanka,India,NLTC Perera,MD Shanaka,RA Jadeja,1,0,,,,,,,,,
963701,2015/16,2016-02-14,Dr. Y.S. Rajasekhara Reddy ACA-VDCA Cricket Stadium,1,8.4,Sri Lanka,India,MD Shanaka,NLTC Perera,RA Jadeja,0,0,,,,,,,,,
963701,2015/16,2016-02-14,Dr. Y.S. Rajasekhara Reddy ACA-VDCA Cricket Stadium,1,8.5,Sri Lanka,India,MD Shanaka,NLTC Perera,RA Jadeja,0,0,,,,,,,,,
963701,2015/16,2016-02-14,Dr. Y.S. Rajasekhara Reddy ACA-VDCA Cricket Stadium,1,8.6,Sri Lanka,India,MD Shanaka,NLTC Perera,RA Jadeja,0,0,,,,,,,,,
963701,2015/16,2016-02-14,Dr. Y.S. Rajasekhara Reddy ACA-VDCA Cricket Stadium,1,8.7,Sri Lanka,India,MD Shanaka,NLTC Perera,RA Jadeja,0,0,,,,,,,,,
963701,2015/16,2016-02-14,Dr. Y.S. Rajasekhara Reddy ACA-VDCA Cricket Stadium,1,9.1,Sri Lanka,India,NLTC Perera,MD Shanaka,HH Pandya,1,0,,,,,,,,,
963701,2015/16,2016-02-14,Dr. Y.S. Rajasekhara Reddy ACA-VDCA Cricket Stadium,1,9.2,Sri Lanka,India,MD Shanaka,NLTC Perera,HH Pandya,1,0,,,,,,,,,
963701,2015/16,2016-02-14,Dr. Y.S. Rajasekhara Reddy ACA-VDCA Cricket Stadium,1,9.3,Sri Lanka,India,NLTC Perera,MD Shanaka,HH Pandya,1,0,,,,,,,,,
963701,2015/16,2016-02-14,Dr. Y.S. Rajasekhara Reddy ACA-VDCA Cricket Stadium,1,9.4,Sri Lanka,India,MD Shanaka,NLTC Perera,HH Pandya,1,0,,,,,,,,,
963701,2015/16,2016-02-14,Dr. Y.S. Rajasekhara Reddy ACA-VDCA Cricket Stadium,1,9.5,Sri Lanka,India,NLTC Perera,MD Shanaka,HH Pandya,0,0,,,,,,,,,
963701,2015/16,2016-02-14,Dr. Y.S. Rajasekhara Reddy ACA-VDCA Cricket Stadium,1,9.6,Sri Lanka,India,NLTC Perera,MD Shanaka,HH Pandya,0,0,,,,,,,,,
963701,2015/16,2016-02-14,Dr. Y.S. Rajasekhara Reddy ACA-VDCA Cricket Stadium,1,10.1,Sri Lanka,India,MD Shanaka,NLTC Perera,RA Jadeja,0,0,,,,,,,,,
963701,2015/16,2016-02-14,Dr. Y.S. Rajasekhara Reddy ACA-VDCA Cricket Stadium,1,10.2,Sri Lanka,India,MD Shanaka,NLTC Perera,RA Jadeja,0,0,,,,,,,,,
963701,2015/16,2016-02-14,Dr. Y.S. Rajasekhara Reddy ACA-VDCA Cricket Stadium,1,10.3,Sri Lanka,India,MD Shanaka,NLTC Perera,RA Jadeja,0,0,,,,,,bowled,MD Shanaka,,
963701,2015/16,2016-02-14,Dr. Y.S. Rajasekhara Reddy ACA-VDCA Cricket Stadium,1,10.4,Sri Lanka,India,SMSM Senanayake,NLTC Perera,RA Jadeja,0,0,,,,,,,,,
963701,2015/16,2016-02-14,Dr. Y.S. Rajasekhara Reddy ACA-VDCA Cricket Stadium,1,10.5,Sri Lanka,India,SMSM Senanayake,NLTC Perera,RA Jadeja,0,0,,,,,,,,,
963701,2015/16,2016-02-14,Dr. Y.S. Rajasekhara Reddy ACA-VDCA Cricket Stadium,1,10.6,Sri Lanka,India,SMSM Senanayake,NLTC Perera,RA Jadeja,0,0,,,,,,,,,
963701,2015/16,2016-02-14,Dr. Y.S. Rajasekhara Reddy ACA-VDCA Cricket Stadium,1,11.1,Sri Lanka,India,NLTC Perera,SMSM Senanayake,HH Pandya,1,0,,,,,,,,,
963701,2015/16,2016-02-14,Dr. Y.S. Rajasekhara Reddy ACA-VDCA Cricket Stadium,1,11.2,Sri Lanka,India,SMSM Senanayake,NLTC Perera,HH Pandya,1,0,,,,,,,,,
963701,2015/16,2016-02-14,Dr. Y.S. Rajasekhara Reddy ACA-VDCA Cricket Stadium,1,11.3,Sri Lanka,India,NLTC Perera,SMSM Senanayake,HH Pandya,4,0,,,,,,,,,
963701,2015/16,2016-02-14,Dr. Y.S. Rajasekhara Reddy ACA-VDCA Cricket Stadium,1,11.4,Sri Lanka,India,NLTC Perera,SMSM Senanayake,HH Pandya,1,0,,,,,,,,,
963701,2015/16,2016-02-14,Dr. Y.S. Rajasekhara Reddy ACA-VDCA Cricket Stadium,1,11.5,Sri Lanka,India,SMSM Senanayake,NLTC Perera,HH Pandya,0,1,1,,,,,,,,
963701,2015/16,2016-02-14,Dr. Y.S. Rajasekhara Reddy ACA-VDCA Cricket Stadium,1,11.6,Sri Lanka,India,SMSM Senanayake,NLTC Perera,HH Pandya,0,0,,,,,,,,,
963701,2015/16,2016-02-14,Dr. Y.S. Rajasekhara Reddy ACA-VDCA Cricket Stadium,1,11.7,Sri Lanka,India,SMSM Senanayake,NLTC Perera,HH Pandya,1,0,,,,,,,,,
963701,2015/16,2016-02-14,Dr. Y.S. Rajasekhara Reddy ACA-VDCA Cricket Stadium,1,12.1,Sri Lanka,India,SMSM Senanayake,NLTC Perera,SK Raina,0,0,,,,,,,,,
963701,2015/16,2016-02-14,Dr. Y.S. Rajasekhara Reddy ACA-VDCA Cricket Stadium,1,12.2,Sri Lanka,India,SMSM Senanayake,NLTC Perera,SK Raina,0,0,,,,,,,,,
963701,2015/16,2016-02-14,Dr. Y.S. Rajasekhara Reddy ACA-VDCA Cricket Stadium,1,12.3,Sri Lanka,India,SMSM Senanayake,NLTC Perera,SK Raina,2,0,,,,,,,,,
963701,2015/16,2016-02-14,Dr. Y.S. Rajasekhara Reddy ACA-VDCA Cricket Stadium,1,12.4,Sri Lanka,India,SMSM Senanayake,NLTC Perera,SK Raina,0,0,,,,,,,,,
963701,2015/16,2016-02-14,Dr. Y.S. Rajasekhara Reddy ACA-VDCA Cricket Stadium,1,12.5,Sri Lanka,India,SMSM Senanayake,NLTC Perera,SK Raina,1,0,,,,,,,,,
963701,2015/16,2016-02-14,Dr. Y.S. Rajasekhara Reddy ACA-VDCA Cricket Stadium,1,12.6,Sri Lanka,India,NLTC Perera,SMSM Senanayake,SK Raina,0,0,,,,,,,,,
963701,2015/16,2016-02-14,Dr. Y.S. Rajasekhara Reddy ACA-VDCA Cricket Stadium,1,13.1,Sri Lanka,India,SMSM Senanayake,NLTC Perera,R Ashwin,1,0,,,,,,,,,
963701,2015/16,2016-02-14,Dr. Y.S. Rajasekhara Reddy ACA-VDCA Cricket Stadium,1,13.2,Sri Lanka,India,NLTC Perera,SMSM Senanayake,R Ashwin,0,0,,,,,,,,,
963701,2015/16,2016-02-14,Dr. Y.S. Rajasekhara Reddy ACA-VDCA Cricket Stadium,1,13.3,Sri Lanka,India,NLTC Perera,SMSM Senanayake,R Ashwin,1,0,,,,,,,,,
963701,2015/16,2016-02-14,Dr. Y.S. Rajasekhara Reddy ACA-VDCA Cricket Stadium,1,13.4,Sri Lanka,India,SMSM Senanayake,NLTC Perera,R Ashwin,1,0,,,,,,,,,
963701,2015/16,2016-02-14,Dr. Y.S. Rajasekhara Reddy ACA-VDCA Cricket Stadium,1,13.5,Sri Lanka,India,NLTC Perera,SMSM Senanayake,R Ashwin,0,0,,,,,,,,,
963701,2015/16,2016-02-14,Dr. Y.S. Rajasekhara Reddy ACA-VDCA Cricket Stadium,1,13.6,Sri Lanka,India,NLTC Perera,SMSM Senanayake,R Ashwin,0,0,,,,,,,,,
963701,2015/16,2016-02-14,Dr. Y.S. Rajasekhara Reddy ACA-VDCA Cricket Stadium,1,14.1,Sri Lanka,India,SMSM Senanayake,NLTC Perera,JJ Bumrah,1,0,,,,,,,,,
963701,2015/16,2016-02-14,Dr. Y.S. Rajasekhara Reddy ACA-VDCA Cricket Stadium,1,14.2,Sri Lanka,India,NLTC Perera,SMSM Senanayake,JJ Bumrah,0,0,,,,,,,,,
963701,2015/16,2016-02-14,Dr. Y.S. Rajasekhara Reddy ACA-VDCA Cricket Stadium,1,14.3,Sri Lanka,India,NLTC Perera,SMSM Senanayake,JJ Bumrah,0,0,,,,,,,,,
963701,2015/16,2016-02-14,Dr. Y.S. Rajasekhara Reddy ACA-VDCA Cricket Stadium,1,14.4,Sri Lanka,India,NLTC Perera,SMSM Senanayake,JJ Bumrah,0,0,,,,,,,,,
963701,2015/16,2016-02-14,Dr. Y.S. Rajasekhara Reddy ACA-VDCA Cricket Stadium,1,14.5,Sri Lanka,India,NLTC Perera,SMSM Senanayake,JJ Bumrah,1,0,,,,,,,,,
963701,2015/16,2016-02-14,Dr. Y.S. Rajasekhara Reddy ACA-VDCA Cricket Stadium,1,14.6,Sri Lanka,India,SMSM Senanayake,NLTC Perera,JJ Bumrah,0,0,,,,,,,,,
963701,2015/16,2016-02-14,Dr. Y.S. Rajasekhara Reddy ACA-VDCA Cricket Stadium,1,15.1,Sri Lanka,India,NLTC Perera,SMSM Senanayake,SK Raina,1,0,,,,,,,,,
963701,2015/16,2016-02-14,Dr. Y.S. Rajasekhara Reddy ACA-VDCA Cricket Stadium,1,15.2,Sri Lanka,India,SMSM Senanayake,NLTC Perera,SK Raina,0,0,,,,,,caught,SMSM Senanayake,,
963701,2015/16,2016-02-14,Dr. Y.S. Rajasekhara Reddy ACA-VDCA Cricket Stadium,1,15.3,Sri Lanka,India,PVD Chameera,NLTC Perera,SK Raina,1,0,,,,,,,,,
963701,2015/16,2016-02-14,Dr. Y.S. Rajasekhara Reddy ACA-VDCA Cricket Stadium,1,15.4,Sri Lanka,India,NLTC Perera,PVD Chameera,SK Raina,0,0,,,,,,caught,NLTC Perera,,
963701,2015/16,2016-02-14,Dr. Y.S. Rajasekhara Reddy ACA-VDCA Cricket Stadium,1,15.5,Sri Lanka,India,PVD Chameera,CRD Fernando,SK Raina,1,0,,,,,,,,,
963701,2015/16,2016-02-14,Dr. Y.S. Rajasekhara Reddy ACA-VDCA Cricket Stadium,1,15.6,Sri Lanka,India,CRD Fernando,PVD Chameera,SK Raina,0,0,,,,,,,,,
963701,2015/16,2016-02-14,Dr. Y.S. Rajasekhara Reddy ACA-VDCA Cricket Stadium,1,16.1,Sri Lanka,India,PVD Chameera,CRD Fernando,RA Jadeja,0,0,,,,,,,,,
963701,2015/16,2016-02-14,Dr. Y.S. Rajasekhara Reddy ACA-VDCA Cricket Stadium,1,16.2,Sri Lanka,India,PVD Chameera,CRD Fernando,RA Jadeja,0,0,,,,,,,,,
963701,2015/16,2016-02-14,Dr. Y.S. Rajasekhara Reddy ACA-VDCA Cricket Stadium,1,16.3,Sri Lanka,India,PVD Chameera,CRD Fernando,RA Jadeja,0,0,,,,,,,,,
963701,2015/16,2016-02-14,Dr. Y.S. Rajasekhara Reddy ACA-VDCA Cricket Stadium,1,16.4,Sri Lanka,India,PVD Chameera,CRD Fernando,RA Jadeja,4,0,,,,,,,,,
963701,2015/16,2016-02-14,Dr. Y.S. Rajasekhara Reddy ACA-VDCA Cricket Stadium,1,16.5,Sri Lanka,India,PVD Chameera,CRD Fernando,RA Jadeja,1,0,,,,,,,,,
963701,2015/16,2016-02-14,Dr. Y.S. Rajasekhara Reddy ACA-VDCA Cricket Stadium,1,16.6,Sri Lanka,India,CRD Fernando,PVD Chameera,RA Jadeja,0,0,,,,,,,,,
963701,2015/16,2016-02-14,Dr. Y.S. Rajasekhara Reddy ACA-VDCA Cricket Stadium,1,17.1,Sri Lanka,India,PVD Chameera,CRD Fernando,JJ Bumrah,1,0,,,,,,,,,
963701,2015/16,2016-02-14,Dr. Y.S. Rajasekhara Reddy ACA-VDCA Cricket Stadium,1,17.2,Sri Lanka,India,CRD Fernando,PVD Chameera,JJ Bumrah,0,0,,,,,,,,,
963701,2015/16,2016-02-14,Dr. Y.S. Rajasekhara Reddy ACA-VDCA Cricket Stadium,1,17.3,Sri Lanka,India,CRD Fernando,PVD Chameera,JJ Bumrah,0,0,,,,,,,,,
963701,2015/16,2016-02-14,Dr. Y.S. Rajasekhara Reddy ACA-VDCA Cricket Stadium,1,17.4,Sri Lanka,India,CRD Fernando,PVD Chameera,JJ Bumrah,1,0,,,,,,,,,
963701,2015/16,2016-02-14,Dr. Y.S. Rajasekhara Reddy ACA-VDCA Cricket Stadium,1,17.5,Sri Lanka,India,PVD Chameera,CRD Fernando,JJ Bumrah,1,0,,,,,,,,,
963701,2015/16,2016-02-14,Dr. Y.S. Rajasekhara Reddy ACA-VDCA Cricket Stadium,1,17.6,Sri Lanka,India,CRD Fernando,PVD Chameera,JJ Bumrah,0,0,,,,,,bowled,CRD Fernando,,
963701,2015/16,2016-02-14,Dr. Y.S. Rajasekhara Reddy ACA-VDCA Cricket Stadium,2,0.1,India,Sri Lanka,RG Sharma,S Dhawan,SMSM Senanayake,1,0,,,,,,,,,
963701,2015/16,2016-02-14,Dr. Y.S. Rajasekhara Reddy ACA-VDCA Cricket Stadium,2,0.2,India,Sri Lanka,S Dhawan,RG Sharma,SMSM Senanayake,0,0,,,,,,,,,
963701,2015/16,2016-02-14,Dr. Y.S. Rajasekhara Reddy ACA-VDCA Cricket Stadium,2,0.3,India,Sri Lanka,S Dhawan,RG Sharma,SMSM Senanayake,0,0,,,,,,,,,
963701,2015/16,2016-02-14,Dr. Y.S. Rajasekhara Reddy ACA-VDCA Cricket Stadium,2,0.4,India,Sri Lanka,S Dhawan,RG Sharma,SMSM Senanayake,0,0,,,,,,,,,
963701,2015/16,2016-02-14,Dr. Y.S. Rajasekhara Reddy ACA-VDCA Cricket Stadium,2,0.5,India,Sri Lanka,S Dhawan,RG Sharma,SMSM Senanayake,4,0,,,,,,,,,
963701,2015/16,2016-02-14,Dr. Y.S. Rajasekhara Reddy ACA-VDCA Cricket Stadium,2,0.6,India,Sri Lanka,S Dhawan,RG Sharma,SMSM Senanayake,0,0,,,,,,,,,
963701,2015/16,2016-02-14,Dr. Y.S. Rajasekhara Reddy ACA-VDCA Cricket Stadium,2,1.1,India,Sri Lanka,RG Sharma,S Dhawan,CRD Fernando,0,0,,,,,,,,,
963701,2015/16,2016-02-14,Dr. Y.S. Rajasekhara Reddy ACA-VDCA Cricket Stadium,2,1.2,India,Sri Lanka,RG Sharma,S Dhawan,CRD Fernando,0,0,,,,,,,,,
963701,2015/16,2016-02-14,Dr. Y.S. Rajasekhara Reddy ACA-VDCA Cricket Stadium,2,1.3,India,Sri Lanka,RG Sharma,S Dhawan,CRD Fernando,0,0,,,,,,,,,
963701,2015/16,2016-02-14,Dr. Y.S. Rajasekhara Reddy ACA-VDCA Cricket Stadium,2,1.4,India,Sri Lanka,RG Sharma,S Dhawan,CRD Fernando,1,0,,,,,,,,,
963701,2015/16,2016-02-14,Dr. Y.S. Rajasekhara Reddy ACA-VDCA Cricket Stadium,2,1.5,India,Sri Lanka,S Dhawan,RG Sharma,CRD Fernando,1,0,,,,,,,,,
963701,2015/16,2016-02-14,Dr. Y.S. Rajasekhara Reddy ACA-VDCA Cricket Stadium,2,1.6,India,Sri Lanka,RG Sharma,S Dhawan,CRD Fernando,0,0,,,,,,,,,
963701,2015/16,2016-02-14,Dr. Y.S. Rajasekhara Reddy ACA-VDCA Cricket Stadium,2,2.1,India,Sri Lanka,S Dhawan,RG Sharma,SMSM Senanayake,0,0,,,,,,,,,
963701,2015/16,2016-02-14,Dr. Y.S. Rajasekhara Reddy ACA-VDCA Cricket Stadium,2,2.2,India,Sri Lanka,S Dhawan,RG Sharma,SMSM Senanayake,4,0,,,,,,,,,
963701,2015/16,2016-02-14,Dr. Y.S. Rajasekhara Reddy ACA-VDCA Cricket Stadium,2,2.3,India,Sri Lanka,S Dhawan,RG Sharma,SMSM Senanayake,1,0,,,,,,,,,
963701,2015/16,2016-02-14,Dr. Y.S. Rajasekhara Reddy ACA-VDCA Cricket Stadium,2,2.4,India,Sri Lanka,RG Sharma,S Dhawan,SMSM Senanayake,0,0,,,,,,,,,
963701,2015/16,2016-02-14,Dr. Y.S. Rajasekhara Reddy ACA-VDCA Cricket Stadium,2,2.5,India,Sri Lanka,RG Sharma,S Dhawan,SMSM Senanayake,0,0,,,,,,,,,
963701,2015/16,2016-02-14,Dr. Y.S. Rajasekhara Reddy ACA-VDCA Cricket Stadium,2,2.6,India,Sri Lanka,RG Sharma,S Dhawan,SMSM Senanayake,0,0,,,,,,,,,
963701,2015/16,2016-02-14,Dr. Y.S. Rajasekhara Reddy ACA-VDCA Cricket Stadium,2,3.1,India,Sri Lanka,S Dhawan,RG Sharma,CRD Fernando,0,0,,,,,,,,,
963701,2015/16,2016-02-14,Dr. Y.S. Rajasekhara Reddy ACA-VDCA Cricket Stadium,2,3.2,India,Sri Lanka,S Dhawan,RG Sharma,CRD Fernando,0,0,,,,,,,,,
963701,2015/16,2016-02-14,Dr. Y.S. Rajasekhara Reddy ACA-VDCA Cricket Stadium,2,3.3,India,Sri Lanka,S Dhawan,RG Sharma,CRD Fernando,0,0,,,,,,,,,
963701,2015/16,2016-02-14,Dr. Y.S. Rajasekhara Reddy ACA-VDCA Cricket Stadium,2,3.4,India,Sri Lanka,S Dhawan,RG Sharma,CRD Fernando,4,0,,,,,,,,,
963701,2015/16,2016-02-14,Dr. Y.S. Rajasekhara Reddy ACA-VDCA Cricket Stadium,2,3.5,India,Sri Lanka,S Dhawan,RG Sharma,CRD Fernando,0,0,,,,,,,,,
963701,2015/16,2016-02-14,Dr. Y.S. Rajasekhara Reddy ACA-VDCA Cricket Stadium,2,3.6,India,Sri Lanka,S Dhawan,RG Sharma,CRD Fernando,1,0,,,,,,,,,
963701,2015/16,2016-02-14,Dr. Y.S. Rajasekhara Reddy ACA-VDCA Cricket Stadium,2,4.1,India,Sri Lanka,S Dhawan,RG Sharma,SMSM Senanayake,1,0,,,,,,,,,
963701,2015/16,2016-02-14,Dr. Y.S. Rajasekhara Reddy ACA-VDCA Cricket Stadium,2,4.2,India,Sri Lanka,RG Sharma,S Dhawan,SMSM Senanayake,6,0,,,,,,,,,
963701,2015/16,2016-02-14,Dr. Y.S. Rajasekhara Reddy ACA-VDCA Cricket Stadium,2,4.3,India,Sri Lanka,RG Sharma,S Dhawan,SMSM Senanayake,1,0,,,,,,,,,
963701,2015/16,2016-02-14,Dr. Y.S. Rajasekhara Reddy ACA-VDCA Cricket Stadium,2,4.4,India,Sri Lanka,S Dhawan,RG Sharma,SMSM Senanayake,0,0,,,,,,,,,
963701,2015/16,2016-02-14,Dr. Y.S. Rajasekhara Reddy ACA-VDCA Cricket Stadium,2,4.5,India,Sri Lanka,S Dhawan,RG Sharma,SMSM Senanayake,0,0,,,,,,,,,
963701,2015/16,2016-02-14,Dr. Y.S. Rajasekhara Reddy ACA-VDCA Cricket Stadium,2,4.6,India,Sri Lanka,S Dhawan,RG Sharma,SMSM Senanayake,0,0,,,,,,,,,
963701,2015/16,2016-02-14,Dr. Y.S. Rajasekhara Reddy ACA-VDCA Cricket Stadium,2,5.1,India,Sri Lanka,RG Sharma,S Dhawan,PVD Chameera,4,0,,,,,,,,,
963701,2015/16,2016-02-14,Dr. Y.S. Rajasekhara Reddy ACA-VDCA Cricket Stadium,2,5.2,India,Sri Lanka,RG Sharma,S Dhawan,PVD Chameera,0,0,,,,,,lbw,RG Sharma,,
963701,2015/16,2016-02-14,Dr. Y.S. Rajasekhara Reddy ACA-VDCA Cricket Stadium,2,5.3,India,Sri Lanka,AM Rahane,S Dhawan,PVD Chameera,0,0,,,,,,,,,
963701,2015/16,2016-02-14,Dr. Y.S. Rajasekhara Reddy ACA-VDCA Cricket Stadium,2,5.4,India,Sri Lanka,AM Rahane,S Dhawan,PVD Chameera,0,2,,,,2,,,,,
963701,2015/16,2016-02-14,Dr. Y.S. Rajasekhara Reddy ACA-VDCA Cricket Stadium,2,5.5,India,Sri Lanka,AM Rahane,S Dhawan,PVD Chameera,4,0,,,,,,,,,
963701,2015/16,2016-02-14,Dr. Y.S. Rajasekhara Reddy ACA-VDCA Cricket Stadium,2,5.6,India,Sri Lanka,AM Rahane,S Dhawan,PVD Chameera,0,0,,,,,,,,,
963701,2015/16,2016-02-14,Dr. Y.S. Rajasekhara Reddy ACA-VDCA Cricket Stadium,2,6.1,India,Sri Lanka,S Dhawan,AM Rahane,S Prasanna,0,0,,,,,,,,,
963701,2015/16,2016-02-14,Dr. Y.S. Rajasekhara Reddy ACA-VDCA Cricket Stadium,2,6.2,India,Sri Lanka,S Dhawan,AM Rahane,S Prasanna,1,0,,,,,,,,,
963701,2015/16,2016-02-14,Dr. Y.S. Rajasekhara Reddy ACA-VDCA Cricket Stadium,2,6.3,India,Sri Lanka,AM Rahane,S Dhawan,S Prasanna,1,0,,,,,,,,,
963701,2015/16,2016-02-14,Dr. Y.S. Rajasekhara Reddy ACA-VDCA Cricket Stadium,2,6.4,India,Sri Lanka,S Dhawan,AM Rahane,S Prasanna,0,1,,,,1,,,,,
963701,2015/16,2016-02-14,Dr. Y.S. Rajasekhara Reddy ACA-VDCA Cricket Stadium,2,6.5,India,Sri Lanka,AM Rahane,S Dhawan,S Prasanna,1,0,,,,,,,,,
963701,2015/16,2016-02-14,Dr. Y.S. Rajasekhara Reddy ACA-VDCA Cricket Stadium,2,6.6,India,Sri Lanka,S Dhawan,AM Rahane,S Prasanna,0,0,,,,,,,,,
963701,2015/16,2016-02-14,Dr. Y.S. Rajasekhara Reddy ACA-VDCA Cricket Stadium,2,7.1,India,Sri Lanka,AM Rahane,S Dhawan,PVD Chameera,0,0,,,,,,,,,
963701,2015/16,2016-02-14,Dr. Y.S. Rajasekhara Reddy ACA-VDCA Cricket Stadium,2,7.2,India,Sri Lanka,AM Rahane,S Dhawan,PVD Chameera,2,0,,,,,,,,,
963701,2015/16,2016-02-14,Dr. Y.S. Rajasekhara Reddy ACA-VDCA Cricket Stadium,2,7.3,India,Sri Lanka,AM Rahane,S Dhawan,PVD Chameera,1,0,,,,,,,,,
963701,2015/16,2016-02-14,Dr. Y.S. Rajasekhara Reddy ACA-VDCA Cricket Stadium,2,7.4,India,Sri Lanka,S Dhawan,AM Rahane,PVD Chameera,1,0,,,,,,,,,
963701,2015/16,2016-02-14,Dr. Y.S. Rajasekhara Reddy ACA-VDCA Cricket Stadium,2,7.5,India,Sri Lanka,AM Rahane,S Dhawan,PVD Chameera,1,0,,,,,,,,,
963701,2015/16,2016-02-14,Dr. Y.S. Rajasekhara Reddy ACA-VDCA Cricket Stadium,2,7.6,India,Sri Lanka,S Dhawan,AM Rahane,PVD Chameera,1,0,,,,,,,,,
963701,2015/16,2016-02-14,Dr. Y.S. Rajasekhara Reddy ACA-VDCA Cricket Stadium,2,8.1,India,Sri Lanka,S Dhawan,AM Rahane,TAM Siriwardana,1,0,,,,,,,,,
963701,2015/16,2016-02-14,Dr. Y.S. Rajasekhara Reddy ACA-VDCA Cricket Stadium,2,8.2,India,Sri Lanka,AM Rahane,S Dhawan,TAM Siriwardana,1,0,,,,,,,,,
963701,2015/16,2016-02-14,Dr. Y.S. Rajasekhara Reddy ACA-VDCA Cricket Stadium,2,8.3,India,Sri Lanka,S Dhawan,AM Rahane,TAM Siriwardana,4,0,,,,,,,,,
963701,2015/16,2016-02-14,Dr. Y.S. Rajasekhara Reddy ACA-VDCA Cricket Stadium,2,8.4,India,Sri Lanka,S Dhawan,AM Rahane,TAM Siriwardana,1,0,,,,,,,,,
963701,2015/16,2016-02-14,Dr. Y.S. Rajasekhara Reddy ACA-VDCA Cricket Stadium,2,8.5,India,Sri Lanka,AM Rahane,S Dhawan,TAM Siriwardana,1,0,,,,,,,,,
963701,2015/16,2016-02-14,Dr. Y.S. Rajasekhara Reddy ACA-VDCA Cricket Stadium,2,8.6,India,Sri Lanka,S Dhawan,AM Rahane,TAM Siriwardana,1,0,,,,,,,,,
963701,2015/16,2016-02-14,Dr. Y.S. Rajasekhara Reddy ACA-VDCA Cricket Stadium,2,9.1,India,Sri Lanka,S Dhawan,AM Rahane,DAS Gunaratne,1,0,,,,,,,,,
963701,2015/16,2016-02-14,Dr. Y.S. Rajasekhara Reddy ACA-VDCA Cricket Stadium,2,9.2,India,Sri Lanka,AM Rahane,S Dhawan,DAS Gunaratne,0,0,,,,,,,,,
963701,2015/16,2016-02-14,Dr. Y.S. Rajasekhara Reddy ACA-VDCA Cricket Stadium,2,9.3,India,Sri Lanka,AM Rahane,S Dhawan,DAS Gunaratne,1,0,,,,,,,,,
963701,2015/16,2016-02-14,Dr. Y.S. Rajasekhara Reddy ACA-VDCA Cricket Stadium,2,9.4,India,Sri Lanka,S Dhawan,AM Rahane,DAS Gunaratne,1,0,,,,,,,,,
963701,2015/16,2016-02-14,Dr. Y.S. Rajasekhara Reddy ACA-VDCA Cricket Stadium,2,9.5,India,Sri Lanka,AM Rahane,S Dhawan,DAS Gunaratne,0,0,,,,,,,,,
963701,2015/16,2016-02-14,Dr. Y.S. Rajasekhara Reddy ACA-VDCA Cricket Stadium,2,9.6,India,Sri Lanka,AM Rahane,S Dhawan,DAS Gunaratne,1,0,,,,,,,,,
963701,2015/16,2016-02-14,Dr. Y.S. Rajasekhara Reddy ACA-VDCA Cricket Stadium,2,10.1,India,Sri Lanka,AM Rahane,S Dhawan,SMSM Senanayake,1,0,,,,,,,,,
963701,2015/16,2016-02-14,Dr. Y.S. Rajasekhara Reddy ACA-VDCA Cricket Stadium,2,10.2,India,Sri Lanka,S Dhawan,AM Rahane,SMSM Senanayake,0,0,,,,,,,,,
963701,2015/16,2016-02-14,Dr. Y.S. Rajasekhara Reddy ACA-VDCA Cricket Stadium,2,10.3,India,Sri Lanka,S Dhawan,AM Rahane,SMSM Senanayake,1,0,,,,,,,,,
963701,2015/16,2016-02-14,Dr. Y.S. Rajasekhara Reddy ACA-VDCA Cricket Stadium,2,10.4,India,Sri Lanka,AM Rahane,S Dhawan,SMSM Senanayake,1,0,,,,,,,,,
963701,2015/16,2016-02-14,Dr. Y.S. Rajasekhara Reddy ACA-VDCA Cricket Stadium,2,10.5,India,Sri Lanka,S Dhawan,AM Rahane,SMSM Senanayake,0,0,,,,,,,,,
963701,2015/16,2016-02-14,Dr. Y.S. Rajasekhara Reddy ACA-VDCA Cricket Stadium,2,10.6,India,Sri Lanka,S Dhawan,AM Rahane,SMSM Senanayake,1,0,,,,,,,,,
963701,2015/16,2016-02-14,Dr. Y.S. Rajasekhara Reddy ACA-VDCA Cricket Stadium,2,11.1,India,Sri Lanka,S Dhawan,AM Rahane,DAS Gunaratne,0,0,,,,,,,,,
963701,2015/16,2016-02-14,Dr. Y.S. Rajasekhara Reddy ACA-VDCA Cricket Stadium,2,11.2,India,Sri Lanka,S Dhawan,AM Rahane,DAS Gunaratne,1,0,,,,,,,,,
963701,2015/16,2016-02-14,Dr. Y.S. Rajasekhara Reddy ACA-VDCA Cricket Stadium,2,11.3,India,Sri Lanka,AM Rahane,S Dhawan,DAS Gunaratne,0,0,,,,,,,,,
963701,2015/16,2016-02-14,Dr. Y.S. Rajasekhara Reddy ACA-VDCA Cricket Stadium,2,11.4,India,Sri Lanka,AM Rahane,S Dhawan,DAS Gunaratne,1,0,,,,,,,,,
963701,2015/16,2016-02-14,Dr. Y.S. Rajasekhara Reddy ACA-VDCA Cricket Stadium,2,11.5,India,Sri Lanka,S Dhawan,AM Rahane,DAS Gunaratne,0,0,,,,,,,,,
963701,2015/16,2016-02-14,Dr. Y.S. Rajasekhara Reddy ACA-VDCA Cricket Stadium,2,11.6,India,Sri Lanka,S Dhawan,AM Rahane,DAS Gunaratne,1,0,,,,,,,,,
963701,2015/16,2016-02-14,Dr. Y.S. Rajasekhara Reddy ACA-VDCA Cricket Stadium,2,12.1,India,Sri Lanka,S Dhawan,AM Rahane,TM Dilshan,1,0,,,,,,,,,
963701,2015/16,2016-02-14,Dr. Y.S. Rajasekhara Reddy ACA-VDCA Cricket Stadium,2,12.2,India,Sri Lanka,AM Rahane,S Dhawan,TM Dilshan,1,0,,,,,,,,,
963701,2015/16,2016-02-14,Dr. Y.S. Rajasekhara Reddy ACA-VDCA Cricket Stadium,2,12.3,India,Sri Lanka,S Dhawan,AM Rahane,TM Dilshan,0,0,,,,,,,,,
963701,2015/16,2016-02-14,Dr. Y.S. Rajasekhara Reddy ACA-VDCA Cricket Stadium,2,12.4,India,Sri Lanka,S Dhawan,AM Rahane,TM Dilshan,0,0,,,,,,,,,
963701,2015/16,2016-02-14,Dr. Y.S. Rajasekhara Reddy ACA-VDCA Cricket Stadium,2,12.5,India,Sri Lanka,S Dhawan,AM Rahane,TM Dilshan,1,0,,,,,,,,,
963701,2015/16,2016-02-14,Dr. Y.S. Rajasekhara Reddy ACA-VDCA Cricket Stadium,2,12.6,India,Sri Lanka,AM Rahane,S Dhawan,TM Dilshan,1,0,,,,,,,,,
963701,2015/16,2016-02-14,Dr. Y.S. Rajasekhara Reddy ACA-VDCA Cricket Stadium,2,13.1,India,Sri Lanka,AM Rahane,S Dhawan,DAS Gunaratne,2,0,,,,,,,,,
963701,2015/16,2016-02-14,Dr. Y.S. Rajasekhara Reddy ACA-VDCA Cricket Stadium,2,13.2,India,Sri Lanka,AM Rahane,S Dhawan,DAS Gunaratne,1,0,,,,,,,,,
963701,2015/16,2016-02-14,Dr. Y.S. Rajasekhara Reddy ACA-VDCA Cricket Stadium,2,13.3,India,Sri Lanka,S Dhawan,AM Rahane,DAS Gunaratne,2,0,,,,,,,,,
963701,2015/16,2016-02-14,Dr. Y.S. Rajasekhara Reddy ACA-VDCA Cricket Stadium,2,13.4,India,Sri Lanka,S Dhawan,AM Rahane,DAS Gunaratne,6,0,,,,,,,,,
963701,2015/16,2016-02-14,Dr. Y.S. Rajasekhara Reddy ACA-VDCA Cricket Stadium,2,13.5,India,Sri Lanka,S Dhawan,AM Rahane,DAS Gunaratne,4,0,,,,,,,,,
