match_id,season,start_date,venue,innings,ball,batting_team,bowling_team,striker,non_striker,bowler,runs_off_bat,extras,wides,noballs,byes,legbyes,penalty,wicket_type,player_dismissed,other_wicket_type,other_player_dismissed
966745,2015/16,2016-02-24,Shere Bangla National Stadium,1,0.1,India,Bangladesh,RG Sharma,S Dhawan,Taskin Ahmed,0,0,,,,,,,,,
966745,2015/16,2016-02-24,Shere Bangla National Stadium,1,0.2,India,Bangladesh,RG Sharma,S Dhawan,Taskin Ahmed,1,0,,,,,,,,,
966745,2015/16,2016-02-24,Shere Bangla National Stadium,1,0.3,India,Bangladesh,S Dhawan,RG Sharma,Taskin Ahmed,0,1,,,,1,,,,,
966745,2015/16,2016-02-24,Shere Bangla National Stadium,1,0.4,India,Bangladesh,RG Sharma,S Dhawan,Taskin Ahmed,0,0,,,,,,,,,
966745,2015/16,2016-02-24,Shere Bangla National Stadium,1,0.5,India,Bangladesh,RG Sharma,S Dhawan,Taskin Ahmed,0,0,,,,,,,,,
966745,2015/16,2016-02-24,Shere Bangla National Stadium,1,0.6,India,Bangladesh,RG Sharma,S Dhawan,Taskin Ahmed,0,0,,,,,,,,,
966745,2015/16,2016-02-24,Shere Bangla National Stadium,1,1.1,India,Bangladesh,S Dhawan,RG Sharma,Al-Amin Hossain,2,0,,,,,,,,,
966745,2015/16,2016-02-24,Shere Bangla National Stadium,1,1.2,India,Bangladesh,S Dhawan,RG Sharma,Al-Amin Hossain,0,0,,,,,,,,,
966745,2015/16,2016-02-24,Shere Bangla National Stadium,1,1.3,India,Bangladesh,S Dhawan,RG Sharma,Al-Amin Hossain,0,0,,,,,,bowled,S Dhawan,,
966745,2015/16,2016-02-24,Shere Bangla National Stadium,1,1.4,India,Bangladesh,V Kohli,RG Sharma,Al-Amin Hossain,1,0,,,,,,,,,
966745,2015/16,2016-02-24,Shere Bangla National Stadium,1,1.5,India,Bangladesh,RG Sharma,V Kohli,Al-Amin Hossain,0,0,,,,,,,,,
966745,2015/16,2016-02-24,Shere Bangla National Stadium,1,1.6,India,Bangladesh,RG Sharma,V Kohli,Al-Amin Hossain,4,0,,,,,,,,,
966745,2015/16,2016-02-24,Shere Bangla National Stadium,1,2.1,India,Bangladesh,V Kohli,RG Sharma,Taskin Ahmed,0,0,,,,,,,,,
966745,2015/16,2016-02-24,Shere Bangla National Stadium,1,2.2,India,Bangladesh,V Kohli,RG Sharma,Taskin Ahmed,0,0,,,,,,,,,
966745,2015/16,2016-02-24,Shere Bangla National Stadium,1,2.3,India,Bangladesh,V Kohli,RG Sharma,Taskin Ahmed,4,0,,,,,,,,,
966745,2015/16,2016-02-24,Shere Bangla National Stadium,1,2.4,India,Bangladesh,V Kohli,RG Sharma,Taskin Ahmed,0,1,,,,1,,,,,
966745,2015/16,2016-02-24,Shere Bangla National Stadium,1,2.5,India,Bangladesh,RG Sharma,V Kohli,Taskin Ahmed,0,0,,,,,,,,,
966745,2015/16,2016-02-24,Shere Bangla National Stadium,1,2.6,India,Bangladesh,RG Sharma,V Kohli,Taskin Ahmed,2,0,,,,,,,,,
966745,2015/16,2016-02-24,Shere Bangla National Stadium,1,3.1,India,Bangladesh,V Kohli,RG Sharma,Mustafizur Rahman,0,1,1,,,,,,,,
966745,2015/16,2016-02-24,Shere Bangla National Stadium,1,3.2,India,Bangladesh,V Kohli,RG Sharma,Mustafizur Rahman,0,0,,,,,,,,,
966745,2015/16,2016-02-24,Shere Bangla National Stadium,1,3.3,India,Bangladesh,V Kohli,RG Sharma,Mustafizur Rahman,0,0,,,,,,,,,
966745,2015/16,2016-02-24,Shere Bangla National Stadium,1,3.4,India,Bangladesh,V Kohli,RG Sharma,Mustafizur Rahman,0,0,,,,,,,,,
966745,2015/16,2016-02-24,Shere Bangla National Stadium,1,3.5,India,Bangladesh,V Kohli,RG Sharma,Mustafizur Rahman,2,0,,,,,,,,,
966745,2015/16,2016-02-24,Shere Bangla National Stadium,1,3.6,India,Bangladesh,V Kohli,RG Sharma,Mustafizur Rahman,0,0,,,,,,,,,
966745,2015/16,2016-02-24,Shere Bangla National Stadium,1,3.7,India,Bangladesh,V Kohli,RG Sharma,Mustafizur Rahman,0,0,,,,,,,,,
966745,2015/16,2016-02-24,Shere Bangla National Stadium,1,4.1,India,Bangladesh,RG Sharma,V Kohli,Mashrafe Mortaza,2,0,,,,,,,,,
966745,2015/16,2016-02-24,Shere Bangla National Stadium,1,4.2,India,Bangladesh,RG Sharma,V Kohli,Mashrafe Mortaza,1,0,,,,,,,,,
966745,2015/16,2016-02-24,Shere Bangla National Stadium,1,4.3,India,Bangladesh,V Kohli,RG Sharma,Mashrafe Mortaza,0,0,,,,,,caught,V Kohli,,
966745,2015/16,2016-02-24,Shere Bangla National Stadium,1,4.4,India,Bangladesh,SK Raina,RG Sharma,Mashrafe Mortaza,0,0,,,,,,,,,
966745,2015/16,2016-02-24,Shere Bangla National Stadium,1,4.5,India,Bangladesh,SK Raina,RG Sharma,Mashrafe Mortaza,0,0,,,,,,,,,
966745,2015/16,2016-02-24,Shere Bangla National Stadium,1,4.6,India,Bangladesh,SK Raina,RG Sharma,Mashrafe Mortaza,1,0,,,,,,,,,
966745,2015/16,2016-02-24,Shere Bangla National Stadium,1,5.1,India,Bangladesh,SK Raina,RG Sharma,Al-Amin Hossain,0,0,,,,,,,,,
966745,2015/16,2016-02-24,Shere Bangla National Stadium,1,5.2,India,Bangladesh,SK Raina,RG Sharma,Al-Amin Hossain,4,0,,,,,,,,,
966745,2015/16,2016-02-24,Shere Bangla National Stadium,1,5.3,India,Bangladesh,SK Raina,RG Sharma,Al-Amin Hossain,0,0,,,,,,,,,
966745,2015/16,2016-02-24,Shere Bangla National Stadium,1,5.4,India,Bangladesh,SK Raina,RG Sharma,Al-Amin Hossain,0,0,,,,,,,,,
966745,2015/16,2016-02-24,Shere Bangla National Stadium,1,5.5,India,Bangladesh,SK Raina,RG Sharma,Al-Amin Hossain,4,0,,,,,,,,,
966745,2015/16,2016-02-24,Shere Bangla National Stadium,1,5.6,India,Bangladesh,SK Raina,RG Sharma,Al-Amin Hossain,0,0,,,,,,,,,
966745,2015/16,2016-02-24,Shere Bangla National Stadium,1,6.1,India,Bangladesh,RG Sharma,SK Raina,Mashrafe Mortaza,0,0,,,,,,,,,
966745,2015/16,2016-02-24,Shere Bangla National Stadium,1,6.2,India,Bangladesh,RG Sharma,SK Raina,Mashrafe Mortaza,2,0,,,,,,,,,
966745,2015/16,2016-02-24,Shere Bangla National Stadium,1,6.3,India,Bangladesh,RG Sharma,SK Raina,Mashrafe Mortaza,1,0,,,,,,,,,
966745,2015/16,2016-02-24,Shere Bangla National Stadium,1,6.4,India,Bangladesh,SK Raina,RG Sharma,Mashrafe Mortaza,0,1,1,,,,,,,,
966745,2015/16,2016-02-24,Shere Bangla National Stadium,1,6.5,India,Bangladesh,SK Raina,RG Sharma,Mashrafe Mortaza,2,0,,,,,,,,,
966745,2015/16,2016-02-24,Shere Bangla National Stadium,1,6.6,India,Bangladesh,SK Raina,RG Sharma,Mashrafe Mortaza,1,0,,,,,,,,,
966745,2015/16,2016-02-24,Shere Bangla National Stadium,1,6.7,India,Bangladesh,RG Sharma,SK Raina,Mashrafe Mortaza,1,0,,,,,,,,,
966745,2015/16,2016-02-24,Shere Bangla National Stadium,1,7.1,India,Bangladesh,RG Sharma,SK Raina,Mahmudullah,0,0,,,,,,,,,
966745,2015/16,2016-02-24,Shere Bangla National Stadium,1,7.2,India,Bangladesh,RG Sharma,SK Raina,Mahmudullah,1,0,,,,,,,,,
966745,2015/16,2016-02-24,Shere Bangla National Stadium,1,7.3,India,Bangladesh,SK Raina,RG Sharma,Mahmudullah,1,0,,,,,,,,,
966745,2015/16,2016-02-24,Shere Bangla National Stadium,1,7.4,India,Bangladesh,RG Sharma,SK Raina,Mahmudullah,1,0,,,,,,,,,
966745,2015/16,2016-02-24,Shere Bangla National Stadium,1,7.5,India,Bangladesh,SK Raina,RG Sharma,Mahmudullah,0,0,,,,,,bowled,SK Raina,,
966745,2015/16,2016-02-24,Shere Bangla National Stadium,1,7.6,India,Bangladesh,Yuvraj Singh,RG Sharma,Mahmudullah,1,0,,,,,,,,,
966745,2015/16,2016-02-24,Shere Bangla National Stadium,1,8.1,India,Bangladesh,Yuvraj Singh,RG Sharma,Shakib Al Hasan,1,0,,,,,,,,,
966745,2015/16,2016-02-24,Shere Bangla National Stadium,1,8.2,India,Bangladesh,RG Sharma,Yuvraj Singh,Shakib Al Hasan,0,0,,,,,,,,,
966745,2015/16,2016-02-24,Shere Bangla National Stadium,1,8.3,India,Bangladesh,RG Sharma,Yuvraj Singh,Shakib Al Hasan,0,0,,,,,,,,,
966745,2015/16,2016-02-24,Shere Bangla National Stadium,1,8.4,India,Bangladesh,RG Sharma,Yuvraj Singh,Shakib Al Hasan,1,0,,,,,,,,,
966745,2015/16,2016-02-24,Shere Bangla National Stadium,1,8.5,India,Bangladesh,Yuvraj Singh,RG Sharma,Shakib Al Hasan,1,0,,,,,,,,,
966745,2015/16,2016-02-24,Shere Bangla National Stadium,1,8.6,India,Bangladesh,RG Sharma,Yuvraj Singh,Shakib Al Hasan,1,0,,,,,,,,,
966745,2015/16,2016-02-24,Shere Bangla National Stadium,1,9.1,India,Bangladesh,RG Sharma,Yuvraj Singh,Mahmudullah,1,0,,,,,,,,,
966745,2015/16,2016-02-24,Shere Bangla National Stadium,1,9.2,India,Bangladesh,Yuvraj Singh,RG Sharma,Mahmudullah,0,0,,,,,,,,,
966745,2015/16,2016-02-24,Shere Bangla National Stadium,1,9.3,India,Bangladesh,Yuvraj Singh,RG Sharma,Mahmudullah,1,0,,,,,,,,,
966745,2015/16,2016-02-24,Shere Bangla National Stadium,1,9.4,India,Bangladesh,RG Sharma,Yuvraj Singh,Mahmudullah,1,0,,,,,,,,,
966745,2015/16,2016-02-24,Shere Bangla National Stadium,1,9.5,India,Bangladesh,Yuvraj Singh,RG Sharma,Mahmudullah,1,0,,,,,,,,,
966745,2015/16,2016-02-24,Shere Bangla National Stadium,1,9.6,India,Bangladesh,RG Sharma,Yuvraj Singh,Mahmudullah,1,0,,,,,,,,,
966745,2015/16,2016-02-24,Shere Bangla National Stadium,1,10.1,India,Bangladesh,RG Sharma,Yuvraj Singh,Taskin Ahmed,0,0,,,,,,,,,
966745,2015/16,2016-02-24,Shere Bangla National Stadium,1,10.2,India,Bangladesh,RG Sharma,Yuvraj Singh,Taskin Ahmed,0,0,,,,,,,,,
966745,2015/16,2016-02-24,Shere Bangla National Stadium,1,10.3,India,Bangladesh,RG Sharma,Yuvraj Singh,Taskin Ahmed,0,0,,,,,,,,,
966745,2015/16,2016-02-24,Shere Bangla National Stadium,1,10.4,India,Bangladesh,RG Sharma,Yuvraj Singh,Taskin Ahmed,4,0,,,,,,,,,
966745,2015/16,2016-02-24,Shere Bangla National Stadium,1,10.5,India,Bangladesh,RG Sharma,Yuvraj Singh,Taskin Ahmed,6,0,,,,,,,,,
966745,2015/16,2016-02-24,Shere Bangla National Stadium,1,10.6,India,Bangladesh,RG Sharma,Yuvraj Singh,Taskin Ahmed,4,0,,,,,,,,,
966745,2015/16,2016-02-24,Shere Bangla National Stadium,1,11.1,India,Bangladesh,Yuvraj Singh,RG Sharma,Mashrafe Mortaza,1,0,,,,,,,,,
966745,2015/16,2016-02-24,Shere Bangla National Stadium,1,11.2,India,Bangladesh,RG Sharma,Yuvraj Singh,Mashrafe Mortaza,2,0,,,,,,,,,
966745,2015/16,2016-02-24,Shere Bangla National Stadium,1,11.3,India,Bangladesh,RG Sharma,Yuvraj Singh,Mashrafe Mortaza,4,0,,,,,,,,,
966745,2015/16,2016-02-24,Shere Bangla National Stadium,1,11.4,India,Bangladesh,RG Sharma,Yuvraj Singh,Mashrafe Mortaza,1,0,,,,,,,,,
966745,2015/16,2016-02-24,Shere Bangla National Stadium,1,11.5,India,Bangladesh,Yuvraj Singh,RG Sharma,Mashrafe Mortaza,1,0,,,,,,,,,
966745,2015/16,2016-02-24,Shere Bangla National Stadium,1,11.6,India,Bangladesh,RG Sharma,Yuvraj Singh,Mashrafe Mortaza,1,0,,,,,,,,,
966745,2015/16,2016-02-24,Shere Bangla National Stadium,1,12.1,India,Bangladesh,RG Sharma,Yuvraj Singh,Shakib Al Hasan,1,0,,,,,,,,,
966745,2015/16,2016-02-24,Shere Bangla National Stadium,1,12.2,India,Bangladesh,Yuvraj Singh,RG Sharma,Shakib Al Hasan,0,1,,,,1,,,,,
966745,2015/16,2016-02-24,Shere Bangla National Stadium,1,12.3,India,Bangladesh,RG Sharma,Yuvraj Singh,Shakib Al Hasan,1,0,,,,,,,,,
966745,2015/16,2016-02-24,Shere Bangla National Stadium,1,12.4,India,Bangladesh,Yuvraj Singh,RG Sharma,Shakib Al Hasan,0,0,,,,,,,,,
966745,2015/16,2016-02-24,Shere Bangla National Stadium,1,12.5,India,Bangladesh,Yuvraj Singh,RG Sharma,Shakib Al Hasan,1,0,,,,,,,,,
966745,2015/16,2016-02-24,Shere Bangla National Stadium,1,12.6,India,Bangladesh,RG Sharma,Yuvraj Singh,Shakib Al Hasan,1,0,,,,,,,,,
966745,2015/16,2016-02-24,Shere Bangla National Stadium,1,13.1,India,Bangladesh,RG Sharma,Yuvraj Singh,Mustafizur Rahman,1,0,,,,,,,,,
966745,2015/16,2016-02-24,Shere Bangla National Stadium,1,13.2,India,Bangladesh,Yuvraj Singh,RG Sharma,Mustafizur Rahman,4,0,,,,,,,,,
966745,2015/16,2016-02-24,Shere Bangla National Stadium,1,13.3,India,Bangladesh,Yuvraj Singh,RG Sharma,Mustafizur Rahman,1,0,,,,,,,,,
966745,2015/16,2016-02-24,Shere Bangla National Stadium,1,13.4,India,Bangladesh,RG Sharma,Yuvraj Singh,Mustafizur Rahman,1,0,,,,,,,,,
966745,2015/16,2016-02-24,Shere Bangla National Stadium,1,13.5,India,Bangladesh,Yuvraj Singh,RG Sharma,Mustafizur Rahman,1,0,,,,,,,,,
966745,2015/16,2016-02-24,Shere Bangla National Stadium,1,13.6,India,Bangladesh,RG Sharma,Yuvraj Singh,Mustafizur Rahman,1,0,,,,,,,,,
966745,2015/16,2016-02-24,Shere Bangla National Stadium,1,14.1,India,Bangladesh,RG Sharma,Yuvraj Singh,Shakib Al Hasan,1,0,,,,,,,,,
966745,2015/16,2016-02-24,Shere Bangla National Stadium,1,14.2,India,Bangladesh,Yuvraj Singh,RG Sharma,Shakib Al Hasan,1,0,,,,,,,,,
966745,2015/16,2016-02-24,Shere Bangla National Stadium,1,14.3,India,Bangladesh,RG Sharma,Yuvraj Singh,Shakib Al Hasan,4,0,,,,,,,,,
966745,2015/16,2016-02-24,Shere Bangla National Stadium,1,14.4,India,Bangladesh,RG Sharma,Yuvraj Singh,Shakib Al Hasan,1,0,,,,,,,,,
966745,2015/16,2016-02-24,Shere Bangla National Stadium,1,14.5,India,Bangladesh,Yuvraj Singh,RG Sharma,Shakib Al Hasan,0,0,,,,,,caught,Yuvraj Singh,,
966745,2015/16,2016-02-24,Shere Bangla National Stadium,1,14.6,India,Bangladesh,HH Pandya,RG Sharma,Shakib Al Hasan,0,0,,,,,,,,,
966745,2015/16,2016-02-24,Shere Bangla National Stadium,1,15.1,India,Bangladesh,RG Sharma,HH Pandya,Mashrafe Mortaza,1,0,,,,,,,,,
966745,2015/16,2016-02-24,Shere Bangla National Stadium,1,15.2,India,Bangladesh,HH Pandya,RG Sharma,Mashrafe Mortaza,1,0,,,,,,,,,
966745,2015/16,2016-02-24,Shere Bangla National Stadium,1,15.3,India,Bangladesh,RG Sharma,HH Pandya,Mashrafe Mortaza,2,0,,,,,,,,,
966745,2015/16,2016-02-24,Shere Bangla National Stadium,1,15.4,India,Bangladesh,RG Sharma,HH Pandya,Mashrafe Mortaza,6,0,,,,,,,,,
966745,2015/16,2016-02-24,Shere Bangla National Stadium,1,15.5,India,Bangladesh,RG Sharma,HH Pandya,Mashrafe Mortaza,4,0,,,,,,,,,
966745,2015/16,2016-02-24,Shere Bangla National Stadium,1,15.6,India,Bangladesh,RG Sharma,HH Pandya,Mashrafe Mortaza,4,0,,,,,,,,,
966745,2015/16,2016-02-24,Shere Bangla National Stadium,1,16.1,India,Bangladesh,HH Pandya,RG Sharma,Mustafizur Rahman,4,0,,,,,,,,,
966745,2015/16,2016-02-24,Shere Bangla National Stadium,1,16.2,India,Bangladesh,HH Pandya,RG Sharma,Mustafizur Rahman,1,0,,,,,,,,,
966745,2015/16,2016-02-24,Shere Bangla National Stadium,1,16.3,India,Bangladesh,RG Sharma,HH Pandya,Mustafizur Rahman,6,0,,,,,,,,,
966745,2015/16,2016-02-24,Shere Bangla National Stadium,1,16.4,India,Bangladesh,RG Sharma,HH Pandya,Mustafizur Rahman,1,0,,,,,,,,,
966745,2015/16,2016-02-24,Shere Bangla National Stadium,1,16.5,India,Bangladesh,HH Pandya,RG Sharma,Mustafizur Rahman,2,0,,,,,,,,,
966745,2015/16,2016-02-24,Shere Bangla National Stadium,1,16.6,India,Bangladesh,HH Pandya,RG Sharma,Mustafizur Rahman,0,1,1,,,,,,,,
966745,2015/16,2016-02-24,Shere Bangla National Stadium,1,16.7,India,Bangladesh,HH Pandya,RG Sharma,Mustafizur Rahman,6,0,,,,,,,,,
966745,2015/16,2016-02-24,Shere Bangla National Stadium,1,17.1,India,Bangladesh,RG Sharma,HH Pandya,Al-Amin Hossain,2,0,,,,,,,,,
966745,2015/16,2016-02-24,Shere Bangla National Stadium,1,17.2,India,Bangladesh,RG Sharma,HH Pandya,Al-Amin Hossain,1,0,,,,,,,,,
966745,2015/16,2016-02-24,Shere Bangla National Stadium,1,17.3,India,Bangladesh,HH Pandya,RG Sharma,Al-Amin Hossain,4,0,,,,,,,,,
966745,2015/16,2016-02-24,Shere Bangla National Stadium,1,17.4,India,Bangladesh,HH Pandya,RG Sharma,Al-Amin Hossain,4,0,,,,,,,,,
966745,2015/16,2016-02-24,Shere Bangla National Stadium,1,17.5,India,Bangladesh,HH Pandya,RG Sharma,Al-Amin Hossain,0,0,,,,,,,,,
966745,2015/16,2016-02-24,Shere Bangla National Stadium,1,17.6,India,Bangladesh,HH Pandya,RG Sharma,Al-Amin Hossain,2,0,,,,,,,,,
966745,2015/16,2016-02-24,Shere Bangla National Stadium,1,18.1,India,Bangladesh,RG Sharma,HH Pandya,Mustafizur Rahman,1,0,,,,,,,,,
966745,2015/16,2016-02-24,Shere Bangla National Stadium,1,18.2,India,Bangladesh,HH Pandya,RG Sharma,Mustafizur Rahman,4,0,,,,,,,,,
966745,2015/16,2016-02-24,Shere Bangla National Stadium,1,18.3,India,Bangladesh,HH Pandya,RG Sharma,Mustafizur Rahman,0,0,,,,,,,,,
966745,2015/16,2016-02-24,Shere Bangla National Stadium,1,18.4,India,Bangladesh,HH Pandya,RG Sharma,Mustafizur Rahman,0,0,,,,,,,,,
966745,2015/16,2016-02-24,Shere Bangla National Stadium,1,18.5,India,Bangladesh,HH Pandya,RG Sharma,Mustafizur Rahman,2,0,,,,,,,,,
966745,2015/16,2016-02-24,Shere Bangla National Stadium,1,18.6,India,Bangladesh,HH Pandya,RG Sharma,Mustafizur Rahman,0,1,,,1,,,,,,
966745,2015/16,2016-02-24,Shere Bangla National Stadium,1,19.1,India,Bangladesh,HH Pandya,RG Sharma,Al-Amin Hossain,1,0,,,,,,,,,
966745,2015/16,2016-02-24,Shere Bangla National Stadium,1,19.2,India,Bangladesh,RG Sharma,HH Pandya,Al-Amin Hossain,0,0,,,,,,caught,RG Sharma,,
966745,2015/16,2016-02-24,Shere Bangla National Stadium,1,19.3,India,Bangladesh,HH Pandya,MS Dhoni,Al-Amin Hossain,0,0,,,,,,,,,
966745,2015/16,2016-02-24,Shere Bangla National Stadium,1,19.4,India,Bangladesh,HH Pandya,MS Dhoni,Al-Amin Hossain,0,0,,,,,,caught,HH Pandya,,
966745,2015/16,2016-02-24,Shere Bangla National Stadium,1,19.5,India,Bangladesh,MS Dhoni,RA Jadeja,Al-Amin Hossain,2,0,,,,,,,,,
966745,2015/16,2016-02-24,Shere Bangla National Stadium,1,19.6,India,Bangladesh,MS Dhoni,RA Jadeja,Al-Amin Hossain,6,0,,,,,,,,,
966745,2015/16,2016-02-24,Shere Bangla National Stadium,2,0.1,Bangladesh,India,Soumya Sarkar,Mohammad Mithun,A Nehra,0,0,,,,,,,,,
966745,2015/16,2016-02-24,Shere Bangla National Stadium,2,0.2,Bangladesh,India,Soumya Sarkar,Mohammad Mithun,A Nehra,0,0,,,,,,,,,
966745,2015/16,2016-02-24,Shere Bangla National Stadium,2,0.3,Bangladesh,India,Soumya Sarkar,Mohammad Mithun,A Nehra,0,0,,,,,,,,,
966745,2015/16,2016-02-24,Shere Bangla National Stadium,2,0.4,Bangladesh,India,Soumya Sarkar,Mohammad Mithun,A Nehra,0,0,,,,,,,,,
966745,2015/16,2016-02-24,Shere Bangla National Stadium,2,0.5,Bangladesh,India,Soumya Sarkar,Mohammad Mithun,A Nehra,0,0,,,,,,,,,
966745,2015/16,2016-02-24,Shere Bangla National Stadium,2,0.6,Bangladesh,India,Soumya Sarkar,Mohammad Mithun,A Nehra,3,0,,,,,,,,,
966745,2015/16,2016-02-24,Shere Bangla National Stadium,2,1.1,Bangladesh,India,Soumya Sarkar,Mohammad Mithun,JJ Bumrah,4,0,,,,,,,,,
966745,2015/16,2016-02-24,Shere Bangla National Stadium,2,1.2,Bangladesh,India,Soumya Sarkar,Mohammad Mithun,JJ Bumrah,1,0,,,,,,,,,
966745,2015/16,2016-02-24,Shere Bangla National Stadium,2,1.3,Bangladesh,India,Mohammad Mithun,Soumya Sarkar,JJ Bumrah,1,0,,,,,,,,,
966745,2015/16,2016-02-24,Shere Bangla National Stadium,2,1.4,Bangladesh,India,Soumya Sarkar,Mohammad Mithun,JJ Bumrah,0,0,,,,,,,,,
966745,2015/16,2016-02-24,Shere Bangla National Stadium,2,1.5,Bangladesh,India,Soumya Sarkar,Mohammad Mithun,JJ Bumrah,0,0,,,,,,,,,
966745,2015/16,2016-02-24,Shere Bangla National Stadium,2,1.6,Bangladesh,India,Soumya Sarkar,Mohammad Mithun,JJ Bumrah,0,0,,,,,,,,,
966745,2015/16,2016-02-24,Shere Bangla National Stadium,2,2.1,Bangladesh,India,Mohammad Mithun,Soumya Sarkar,A Nehra,0,0,,,,,,,,,
966745,2015/16,2016-02-24,Shere Bangla National Stadium,2,2.2,Bangladesh,India,Mohammad Mithun,Soumya Sarkar,A Nehra,0,0,,,,,,bowled,Mohammad Mithun,,
966745,2015/16,2016-02-24,Shere Bangla National Stadium,2,2.3,Bangladesh,India,Sabbir Rahman,Soumya Sarkar,A Nehra,0,0,,,,,,,,,
966745,2015/16,2016-02-24,Shere Bangla National Stadium,2,2.4,Bangladesh,India,Sabbir Rahman,Soumya Sarkar,A Nehra,1,0,,,,,,,,,
966745,2015/16,2016-02-24,Shere Bangla National Stadium,2,2.5,Bangladesh,India,Soumya Sarkar,Sabbir Rahman,A Nehra,3,0,,,,,,,,,
966745,2015/16,2016-02-24,Shere Bangla National Stadium,2,2.6,Bangladesh,India,Sabbir Rahman,Soumya Sarkar,A Nehra,2,0,,,,,,,,,
966745,2015/16,2016-02-24,Shere Bangla National Stadium,2,3.1,Bangladesh,India,Soumya Sarkar,Sabbir Rahman,JJ Bumrah,0,0,,,,,,,,,
966745,2015/16,2016-02-24,Shere Bangla National Stadium,2,3.2,Bangladesh,India,Soumya Sarkar,Sabbir Rahman,JJ Bumrah,0,0,,,,,,caught,Soumya Sarkar,,
966745,2015/16,2016-02-24,Shere Bangla National Stadium,2,3.3,Bangladesh,India,Imrul Kayes,Sabbir Rahman,JJ Bumrah,0,0,,,,,,,,,
966745,2015/16,2016-02-24,Shere Bangla National Stadium,2,3.4,Bangladesh,India,Imrul Kayes,Sabbir Rahman,JJ Bumrah,0,0,,,,,,,,,
966745,2015/16,2016-02-24,Shere Bangla National Stadium,2,3.5,Bangladesh,India,Imrul Kayes,Sabbir Rahman,JJ Bumrah,4,0,,,,,,,,,
966745,2015/16,2016-02-24,Shere Bangla National Stadium,2,3.6,Bangladesh,India,Imrul Kayes,Sabbir Rahman,JJ Bumrah,0,0,,,,,,,,,
966745,2015/16,2016-02-24,Shere Bangla National Stadium,2,4.1,Bangladesh,India,Sabbir Rahman,Imrul Kayes,A Nehra,4,0,,,,,,,,,
966745,2015/16,2016-02-24,Shere Bangla National Stadium,2,4.2,Bangladesh,India,Sabbir Rahman,Imrul Kayes,A Nehra,1,0,,,,,,,,,
966745,2015/16,2016-02-24,Shere Bangla National Stadium,2,4.3,Bangladesh,India,Imrul Kayes,Sabbir Rahman,A Nehra,0,0,,,,,,,,,
966745,2015/16,2016-02-24,Shere Bangla National Stadium,2,4.4,Bangladesh,India,Imrul Kayes,Sabbir Rahman,A Nehra,1,0,,,,,,,,,
966745,2015/16,2016-02-24,Shere Bangla National Stadium,2,4.5,Bangladesh,India,Sabbir Rahman,Imrul Kayes,A Nehra,1,0,,,,,,,,,
966745,2015/16,2016-02-24,Shere Bangla National Stadium,2,4.6,Bangladesh,India,Imrul Kayes,Sabbir Rahman,A Nehra,1,0,,,,,,,,,
966745,2015/16,2016-02-24,Shere Bangla National Stadium,2,5.1,Bangladesh,India,Imrul Kayes,Sabbir Rahman,JJ Bumrah,1,0,,,,,,,,,
966745,2015/16,2016-02-24,Shere Bangla National Stadium,2,5.2,Bangladesh,India,Sabbir Rahman,Imrul Kayes,JJ Bumrah,0,0,,,,,,,,,
966745,2015/16,2016-02-24,Shere Bangla National Stadium,2,5.3,Bangladesh,India,Sabbir Rahman,Imrul Kayes,JJ Bumrah,2,0,,,,,,,,,
966745,2015/16,2016-02-24,Shere Bangla National Stadium,2,5.4,Bangladesh,India,Sabbir Rahman,Imrul Kayes,JJ Bumrah,1,0,,,,,,,,,
966745,2015/16,2016-02-24,Shere Bangla National Stadium,2,5.5,Bangladesh,India,Imrul Kayes,Sabbir Rahman,JJ Bumrah,0,0,,,,,,,,,
966745,2015/16,2016-02-24,Shere Bangla National Stadium,2,5.6,Bangladesh,India,Imrul Kayes,Sabbir Rahman,JJ Bumrah,0,0,,,,,,,,,
966745,2015/16,2016-02-24,Shere Bangla National Stadium,2,6.1,Bangladesh,India,Sabbir Rahman,Imrul Kayes,HH Pandya,1,0,,,,,,,,,
966745,2015/16,2016-02-24,Shere Bangla National Stadium,2,6.2,Bangladesh,India,Imrul Kayes,Sabbir Rahman,HH Pandya,1,0,,,,,,,,,
966745,2015/16,2016-02-24,Shere Bangla National Stadium,2,6.3,Bangladesh,India,Sabbir Rahman,Imrul Kayes,HH Pandya,1,0,,,,,,,,,
966745,2015/16,2016-02-24,Shere Bangla National Stadium,2,6.4,Bangladesh,India,Imrul Kayes,Sabbir Rahman,HH Pandya,1,0,,,,,,,,,
966745,2015/16,2016-02-24,Shere Bangla National Stadium,2,6.5,Bangladesh,India,Sabbir Rahman,Imrul Kayes,HH Pandya,0,1,,,,1,,,,,
966745,2015/16,2016-02-24,Shere Bangla National Stadium,2,6.6,Bangladesh,India,Imrul Kayes,Sabbir Rahman,HH Pandya,0,0,,,,,,,,,
966745,2015/16,2016-02-24,Shere Bangla National Stadium,2,7.1,Bangladesh,India,Sabbir Rahman,Imrul Kayes,R Ashwin,4,0,,,,,,,,,
966745,2015/16,2016-02-24,Shere Bangla National Stadium,2,7.2,Bangladesh,India,Sabbir Rahman,Imrul Kayes,R Ashwin,0,0,,,,,,,,,
966745,2015/16,2016-02-24,Shere Bangla National Stadium,2,7.3,Bangladesh,India,Sabbir Rahman,Imrul Kayes,R Ashwin,1,0,,,,,,,,,
966745,2015/16,2016-02-24,Shere Bangla National Stadium,2,7.4,Bangladesh,India,Imrul Kayes,Sabbir Rahman,R Ashwin,0,0,,,,,,,,,
966745,2015/16,2016-02-24,Shere Bangla National Stadium,2,7.5,Bangladesh,India,Imrul Kayes,Sabbir Rahman,R Ashwin,0,0,,,,,,,,,
966745,2015/16,2016-02-24,Shere Bangla National Stadium,2,7.6,Bangladesh,India,Imrul Kayes,Sabbir Rahman,R Ashwin,1,0,,,,,,,,,
966745,2015/16,2016-02-24,Shere Bangla National Stadium,2,8.1,Bangladesh,India,Imrul Kayes,Sabbir Rahman,HH Pandya,2,0,,,,,,,,,
966745,2015/16,2016-02-24,Shere Bangla National Stadium,2,8.2,Bangladesh,India,Imrul Kayes,Sabbir Rahman,HH Pandya,0,0,,,,,,,,,
966745,2015/16,2016-02-24,Shere Bangla National Stadium,2,8.3,Bangladesh,India,Imrul Kayes,Sabbir Rahman,HH Pandya,0,0,,,,,,,,,
966745,2015/16,2016-02-24,Shere Bangla National Stadium,2,8.4,Bangladesh,India,Imrul Kayes,Sabbir Rahman,HH Pandya,1,0,,,,,,,,,
966745,2015/16,2016-02-24,Shere Bangla National Stadium,2,8.5,Bangladesh,India,Sabbir Rahman,Imrul Kayes,HH Pandya,0,1,1,,,,,,,,
966745,2015/16,2016-02-24,Shere Bangla National Stadium,2,8.6,Bangladesh,India,Sabbir Rahman,Imrul Kayes,HH Pandya,0,0,,,,,,,,,
966745,2015/16,2016-02-24,Shere Bangla National Stadium,2,8.7,Bangladesh,India,Sabbir Rahman,Imrul Kayes,HH Pandya,2,0,,,,,,,,,
966745,2015/16,2016-02-24,Shere Bangla National Stadium,2,9.1,Bangladesh,India,Imrul Kayes,Sabbir Rahman,R Ashwin,1,0,,,,,,,,,
966745,2015/16,2016-02-24,Shere Bangla National Stadium,2,9.2,Bangladesh,India,Sabbir Rahman,Imrul Kayes,R Ashwin,0,1,,,,1,,,,,
966745,2015/16,2016-02-24,Shere Bangla National Stadium,2,9.3,Bangladesh,India,Imrul Kayes,Sabbir Rahman,R Ashwin,0,0,,,,,,,,,
966745,2015/16,2016-02-24,Shere Bangla National Stadium,2,9.4,Bangladesh,India,Imrul Kayes,Sabbir Rahman,R Ashwin,0,0,,,,,,,,,
966745,2015/16,2016-02-24,Shere Bangla National Stadium,2,9.5,Bangladesh,India,Imrul Kayes,Sabbir Rahman,R Ashwin,0,0,,,,,,caught,Imrul Kayes,,
966745,2015/16,2016-02-24,Shere Bangla National Stadium,2,9.6,Bangladesh,India,Sabbir Rahman,Shakib Al Hasan,R Ashwin,1,0,,,,,,,,,
966745,2015/16,2016-02-24,Shere Bangla National Stadium,2,10.1,Bangladesh,India,Sabbir Rahman,Shakib Al Hasan,HH Pandya,1,0,,,,,,,,,
966745,2015/16,2016-02-24,Shere Bangla National Stadium,2,10.2,Bangladesh,India,Shakib Al Hasan,Sabbir Rahman,HH Pandya,1,0,,,,,,,,,
966745,2015/16,2016-02-24,Shere Bangla National Stadium,2,10.3,Bangladesh,India,Sabbir Rahman,Shakib Al Hasan,HH Pandya,6,0,,,,,,,,,
966745,2015/16,2016-02-24,Shere Bangla National Stadium,2,10.4,Bangladesh,India,Sabbir Rahman,Shakib Al Hasan,HH Pandya,1,0,,,,,,,,,
966745,2015/16,2016-02-24,Shere Bangla National Stadium,2,10.5,Bangladesh,India,Shakib Al Hasan,Sabbir Rahman,HH Pandya,0,1,1,,,,,,,,
966745,2015/16,2016-02-24,Shere Bangla National Stadium,2,10.6,Bangladesh,India,Shakib Al Hasan,Sabbir Rahman,HH Pandya,0,0,,,,,,,,,
966745,2015/16,2016-02-24,Shere Bangla National Stadium,2,10.7,Bangladesh,India,Shakib Al Hasan,Sabbir Rahman,HH Pandya,0,0,,,,,,,,,
966745,2015/16,2016-02-24,Shere Bangla National Stadium,2,11.1,Bangladesh,India,Sabbir Rahman,Shakib Al Hasan,R Ashwin,1,0,,,,,,,,,
966745,2015/16,2016-02-24,Shere Bangla National Stadium,2,11.2,Bangladesh,India,Shakib Al Hasan,Sabbir Rahman,R Ashwin,0,0,,,,,,,,,
966745,2015/16,2016-02-24,Shere Bangla National Stadium,2,11.3,Bangladesh,India,Shakib Al Hasan,Sabbir Rahman,R Ashwin,1,0,,,,,,,,,
966745,2015/16,2016-02-24,Shere Bangla National Stadium,2,11.4,Bangladesh,India,Sabbir Rahman,Shakib Al Hasan,R Ashwin,6,0,,,,,,,,,
966745,2015/16,2016-02-24,Shere Bangla National Stadium,2,11.5,Bangladesh,India,Sabbir Rahman,Shakib Al Hasan,R Ashwin,1,0,,,,,,,,,
966745,2015/16,2016-02-24,Shere Bangla National Stadium,2,11.6,Bangladesh,India,Shakib Al Hasan,Sabbir Rahman,R Ashwin,0,1,,,,1,,,,,
966745,2015/16,2016-02-24,Shere Bangla National Stadium,2,12.1,Bangladesh,India,Shakib Al Hasan,Sabbir Rahman,RA Jadeja,1,0,,,,,,,,,
966745,2015/16,2016-02-24,Shere Bangla National Stadium,2,12.2,Bangladesh,India,Sabbir Rahman,Shakib Al Hasan,RA Jadeja,1,0,,,,,,,,,
966745,2015/16,2016-02-24,Shere Bangla National Stadium,2,12.3,Bangladesh,India,Shakib Al Hasan,Sabbir Rahman,RA Jadeja,0,0,,,,,,run out,Shakib Al Hasan,,
966745,2015/16,2016-02-24,Shere Bangla National Stadium,2,12.4,Bangladesh,India,Mushfiqur Rahim,Sabbir Rahman,RA Jadeja,1,0,,,,,,,,,
966745,2015/16,2016-02-24,Shere Bangla National Stadium,2,12.5,Bangladesh,India,Sabbir Rahman,Mushfiqur Rahim,RA Jadeja,0,0,,,,,,,,,
966745,2015/16,2016-02-24,Shere Bangla National Stadium,2,12.6,Bangladesh,India,Sabbir Rahman,Mushfiqur Rahim,RA Jadeja,2,0,,,,,,,,,
966745,2015/16,2016-02-24,Shere Bangla National Stadium,2,13.1,Bangladesh,India,Mushfiqur Rahim,Sabbir Rahman,R Ashwin,1,0,,,,,,,,,
966745,2015/16,2016-02-24,Shere Bangla National Stadium,2,13.2,Bangladesh,India,Sabbir Rahman,Mushfiqur Rahim,R Ashwin,1,0,,,,,,,,,
966745,2015/16,2016-02-24,Shere Bangla National Stadium,2,13.3,Bangladesh,India,Mushfiqur Rahim,Sabbir Rahman,R Ashwin,1,0,,,,,,,,,
966745,2015/16,2016-02-24,Shere Bangla National Stadium,2,13.4,Bangladesh,India,Sabbir Rahman,Mushfiqur Rahim,R Ashwin,1,0,,,,,,,,,
966745,2015/16,2016-02-24,Shere Bangla National Stadium,2,13.5,Bangladesh,India,Mushfiqur Rahim,Sabbir Rahman,R Ashwin,1,0,,,,,,,,,
966745,2015/16,2016-02-24,Shere Bangla National Stadium,2,13.6,Bangladesh,India,Sabbir Rahman,Mushfiqur Rahim,R Ashwin,1,0,,,,,,,,,
966745,2015/16,2016-02-24,Shere Bangla National Stadium,2,14.1,Bangladesh,India,Sabbir Rahman,Mushfiqur Rahim,HH Pandya,0,0,,,,,,caught,Sabbir Rahman,,
966745,2015/16,2016-02-24,Shere Bangla National Stadium,2,14.2,Bangladesh,India,Mushfiqur Rahim,Mahmudullah,HH Pandya,1,0,,,,,,,,,
966745,2015/16,2016-02-24,Shere Bangla National Stadium,2,14.3,Bangladesh,India,Mahmudullah,Mushfiqur Rahim,HH Pandya,0,1,1,,,,,,,,
966745,2015/16,2016-02-24,Shere Bangla National Stadium,2,14.4,Bangladesh,India,Mahmudullah,Mushfiqur Rahim,HH Pandya,1,0,,,,,,,,,
966745,2015/16,2016-02-24,Shere Bangla National Stadium,2,14.5,Bangladesh,India,Mushfiqur Rahim,Mahmudullah,HH Pandya,0,0,,,,,,,,,
966745,2015/16,2016-02-24,Shere Bangla National Stadium,2,14.6,Bangladesh,India,Mushfiqur Rahim,Mahmudullah,HH Pandya,0,0,,,,,,,,,
966745,2015/16,2016-02-24,Shere Bangla National Stadium,2,14.7,Bangladesh,India,Mushfiqur Rahim,Mahmudullah,HH Pandya,0,0,,,,,,,,,
966745,2015/16,2016-02-24,Shere Bangla National Stadium,2,15.1,Bangladesh,India,Mahmudullah,Mushfiqur Rahim,RA Jadeja,1,0,,,,,,,,,
966745,2015/16,2016-02-24,Shere Bangla National Stadium,2,15.2,Bangladesh,India,Mushfiqur Rahim,Mahmudullah,RA Jadeja,0,1,,,,1,,,,,
966745,2015/16,2016-02-24,Shere Bangla National Stadium,2,15.3,Bangladesh,India,Mahmudullah,Mushfiqur Rahim,RA Jadeja,1,0,,,,,,,,,
966745,2015/16,2016-02-24,Shere Bangla National Stadium,2,15.4,Bangladesh,India,Mushfiqur Rahim,Mahmudullah,RA Jadeja,4,0,,,,,,,,,
966745,2015/16,2016-02-24,Shere Bangla National Stadium,2,15.5,Bangladesh,India,Mushfiqur Rahim,Mahmudullah,RA Jadeja,0,0,,,,,,,,,
966745,2015/16,2016-02-24,Shere Bangla National Stadium,2,15.6,Bangladesh,India,Mushfiqur Rahim,Mahmudullah,RA Jadeja,4,0,,,,,,,,,
966745,2015/16,2016-02-24,Shere Bangla National Stadium,2,16.1,Bangladesh,India,Mahmudullah,Mushfiqur Rahim,A Nehra,0,0,,,,,,,,,
966745,2015/16,2016-02-24,Shere Bangla National Stadium,2,16.2,Bangladesh,India,Mahmudullah,Mushfiqur Rahim,A Nehra,4,0,,,,,,,,,
966745,2015/16,2016-02-24,Shere Bangla National Stadium,2,16.3,Bangladesh,India,Mahmudullah,Mushfiqur Rahim,A Nehra,0,0,,,,,,caught,Mahmudullah,,
966745,2015/16,2016-02-24,Shere Bangla National Stadium,2,16.4,Bangladesh,India,Mashrafe Mortaza,Mushfiqur Rahim,A Nehra,0,0,,,,,,caught,Mashrafe Mortaza,,
966745,2015/16,2016-02-24,Shere Bangla National Stadium,2,16.5,Bangladesh,India,Taskin Ahmed,Mushfiqur Rahim,A Nehra,0,1,1,,,,,,,,
966745,2015/16,2016-02-24,Shere Bangla National Stadium,2,16.6,Bangladesh,India,Taskin Ahmed,Mushfiqur Rahim,A Nehra,0,0,,,,,,,,,
966745,2015/16,2016-02-24,Shere Bangla National Stadium,2,16.7,Bangladesh,India,Taskin Ahmed,Mushfiqur Rahim,A Nehra,1,0,,,,,,,,,
966745,2015/16,2016-02-24,Shere Bangla National Stadium,2,17.1,Bangladesh,India,Taskin Ahmed,Mushfiqur Rahim,RA Jadeja,0,0,,,,,,,,,
966745,2015/16,2016-02-24,Shere Bangla National Stadium,2,17.2,Bangladesh,India,Taskin Ahmed,Mushfiqur Rahim,RA Jadeja,4,0,,,,,,,,,
966745,2015/16,2016-02-24,Shere Bangla National Stadium,2,17.3,Bangladesh,India,Taskin Ahmed,Mushfiqur Rahim,RA Jadeja,0,0,,,,,,,,,
966745,2015/16,2016-02-24,Shere Bangla National Stadium,2,17.4,Bangladesh,India,Taskin Ahmed,Mushfiqur Rahim,RA Jadeja,0,0,,,,,,,,,
966745,2015/16,2016-02-24,Shere Bangla National Stadium,2,17.5,Bangladesh,India,Taskin Ahmed,Mushfiqur Rahim,RA Jadeja,1,0,,,,,,,,,
966745,2015/16,2016-02-24,Shere Bangla National Stadium,2,17.6,Bangladesh,India,Mushfiqur Rahim,Taskin Ahmed,RA Jadeja,1,0,,,,,,,,,
966745,2015/16,2016-02-24,Shere Bangla National Stadium,2,18.1,Bangladesh,India,Mushfiqur Rahim,Taskin Ahmed,JJ Bumrah,1,0,,,,,,,,,
966745,2015/16,2016-02-24,Shere Bangla National Stadium,2,18.2,Bangladesh,India,Taskin Ahmed,Mushfiqur Rahim,JJ Bumrah,0,0,,,,,,,,,
966745,2015/16,2016-02-24,Shere Bangla National Stadium,2,18.3,Bangladesh,India,Taskin Ahmed,Mushfiqur Rahim,JJ Bumrah,0,0,,,,,,,,,
966745,2015/16,2016-02-24,Shere Bangla National Stadium,2,18.4,Bangladesh,India,Taskin Ahmed,Mushfiqur Rahim,JJ Bumrah,2,0,,,,,,,,,
966745,2015/16,2016-02-24,Shere Bangla National Stadium,2,18.5,Bangladesh,India,Taskin Ahmed,Mushfiqur Rahim,JJ Bumrah,0,0,,,,,,,,,
966745,2015/16,2016-02-24,Shere Bangla National Stadium,2,18.6,Bangladesh,India,Taskin Ahmed,Mushfiqur Rahim,JJ Bumrah,6,0,,,,,,,,,
966745,2015/16,2016-02-24,Shere Bangla National Stadium,2,19.1,Bangladesh,India,Mushfiqur Rahim,Taskin Ahmed,RA Jadeja,0,0,,,,,,,,,
966745,2015/16,2016-02-24,Shere Bangla National Stadium,2,19.2,Bangladesh,India,Mushfiqur Rahim,Taskin Ahmed,RA Jadeja,1,0,,,,,,,,,
966745,2015/16,2016-02-24,Shere Bangla National Stadium,2,19.3,Bangladesh,India,Taskin Ahmed,Mushfiqur Rahim,RA Jadeja,0,1,1,,,,,,,,
966745,2015/16,2016-02-24,Shere Bangla National Stadium,2,19.4,Bangladesh,India,Taskin Ahmed,Mushfiqur Rahim,RA Jadeja,0,1,1,,,,,,,,
966745,2015/16,2016-02-24,Shere Bangla National Stadium,2,19.5,Bangladesh,India,Taskin Ahmed,Mushfiqur Rahim,RA Jadeja,0,0,,,,,,,,,
966745,2015/16,2016-02-24,Shere Bangla National Stadium,2,19.6,Bangladesh,India,Taskin Ahmed,Mushfiqur Rahim,RA Jadeja,0,0,,,,,,,,,
966745,2015/16,2016-02-24,Shere Bangla National Stadium,2,19.7,Bangladesh,India,Taskin Ahmed,Mushfiqur Rahim,RA Jadeja,1,0,,,,,,,,,
966745,2015/16,2016-02-24,Shere Bangla National Stadium,2,19.8,Bangladesh,India,Mushfiqur Rahim,Taskin Ahmed,RA Jadeja,0,0,,,,,,,,,
